turnSeq,unitSeq,participant,text
1,1,M:,(.)
1,1,M:,在
1,1,M:,美容院
1,1,M:,—
1,2,M:,(.)
1,2,M:,在
1,2,M:,美容
1,2,M:,公司
1,2,M:,上班
1,2,M:,.
2,3,F:,(...)
2,3,F:,喔
2,3,F:,.
3,4,M:,(...)
3,4,M:,內湖
3,4,M:,.
4,5,F:,(...)
4,5,F:,[很]
4,5,F:,遠
4,5,F:,嗎
4,5,F:,?
5,6,M:,[ch-]
5,6,M:,—
5,7,M:,(...)
5,7,M:,超
5,7,M:,遠
5,7,M:,.
6,8,F:,(...)
6,8,F:,在
6,8,F:,哪
6,8,F:,","
6,9,F:,(...)
6,9,F:,你
6,9,F:,等
6,9,F:,[2下]
6,9,F:,要
6,9,F:,拿去
6,9,F:,丟
6,9,F:,嗎
6,9,F:,.
7,10,M:,[2就]
7,10,M:,—
8,11,M:,(.)
8,11,M:,就
8,11,M:,差不多
8,11,M:,到
8,11,M:,那
8,11,M:,個
8,11,M:,啊
8,11,M:,","
9,12,F:,(...)
9,12,F:,你
9,12,F:,[等
9,12,F:,下
9,12,F:,要
9,12,F:,幫
9,12,F:,我
9,12,F:,拿去
9,12,F:,丟
9,12,F:,嗎]
9,12,F:,.
10,13,M:,[等
10,13,M:,下
10,13,M:,拿
10,13,M:,回去
10,13,M:,宿舍]
10,13,M:,","
10,14,M:,(.)
10,14,M:,拿
10,14,M:,回去
10,14,M:,宿舍
10,14,M:,丟
10,14,M:,.
11,15,F:,(.)
11,15,F:,好
11,15,F:,","
11,16,F:,(.)
11,16,F:,<L3
11,16,F:,感謝
11,16,F:,L3>
11,16,F:,","
12,17,M:,(...)
12,17,M:,那
12,17,M:,就
12,17,M:,差不多
12,17,M:,到
12,17,M:,那
12,17,M:,個
12,17,M:,","
12,18,M:,(...)
12,18,M:,就
12,18,M:,—
12,19,M:,(.)
12,19,M:,快
12,19,M:,到
12,19,M:,那
12,19,M:,個
12,19,M:,圓環
12,19,M:,啊
12,19,M:,.
13,20,F:,(...)
13,20,F:,喔
13,20,F:,.
13,21,F:,(...)
13,21,F:,[2哪
13,21,F:,一
13,21,F:,個]
13,21,F:,圓環
13,21,F:,","
14,22,M:,[2##]
14,22,M:,","
14,23,M:,(.)
14,23,M:,快
14,23,M:,到
14,23,M:,康寧
14,23,M:,護校
14,23,M:,那
14,23,M:,個
14,23,M:,圓環
14,23,M:,—
15,24,F:,(.)
15,24,F:,ha
15,24,F:,?
15,25,F:,(.)
15,25,F:,什麼
15,25,F:,","
15,26,F:,(...)
15,26,F:,好
15,26,F:,遠
15,26,F:,喔
15,26,F:,.
16,27,M:,(.)
16,27,M:,那
16,27,M:,很
16,27,M:,遠
16,27,M:,啊
16,27,M:,?
16,28,M:,(.)
16,28,M:,超
16,28,M:,遠
16,28,M:,的
16,28,M:,啊
16,28,M:,?
17,29,F:,(...)
17,29,F:,真的
17,29,F:,","
18,30,M:,(.)
18,30,M:,從
18,30,M:,我們
18,30,M:,家
18,30,M:,去
18,30,M:,[要]
18,30,M:,","
19,31,F:,[我]
19,31,F:,大概
19,31,F:,知道
19,31,F:,是
19,31,F:,哪
19,31,F:,個
19,31,F:,圓環
19,31,F:,了
19,31,F:,.
20,32,M:,(.)
20,32,M:,從
20,32,M:,我們
20,32,M:,家
20,32,M:,去
20,32,M:,要
20,32,M:,","
20,33,M:,(...)
20,33,M:,一
20,33,M:,個
20,33,M:,shi-
20,33,M:,—
20,34,M:,(...)
20,34,M:,一
20,34,M:,個
20,34,M:,多
20,34,M:,小時
20,34,M:,吧
20,34,M:,.
20,35,M:,(...)
20,35,M:,我
20,35,M:,上次
20,35,M:,騎
20,35,M:,一
20,35,M:,個
20,35,M:,多
20,35,M:,小時
20,35,M:,.
21,36,F:,(.)
21,36,F:,因為
21,36,F:,我
21,36,F:,之前
21,36,F:,好像
21,36,F:,也
21,36,F:,有
21,36,F:,在
21,36,F:,那
21,36,F:,個
21,36,F:,圓環
21,36,F:,附近
21,36,F:,的
21,36,F:,診所
21,36,F:,面試
21,36,F:,＠＠＠＠
21,36,F:,.
22,37,M:,(...)
22,37,M:,那
22,37,M:,附近
22,37,M:,有
22,37,M:,那麼
22,37,M:,多
22,37,M:,診所
22,37,M:,喔
22,37,M:,.
23,38,F:,(...)
23,38,F:,有
23,38,F:,一
23,38,F:,間
23,38,F:,啊
23,38,F:,?
23,39,F:,(.)
23,39,F:,然後
23,39,F:,康寧
23,39,F:,護校
23,39,F:,自己
23,39,F:,就是
23,39,F:,有
23,39,F:,康寧
23,39,F:,醫院
23,39,F:,啊
23,39,F:,","
24,40,M:,(...)
24,40,M:,um
24,40,M:,.
24,41,M:,對
24,41,M:,對
24,41,M:,[2對]
24,41,M:,.
25,42,F:,[2對]
25,42,F:,啊
25,42,F:,?
26,43,M:,(...)
26,43,M:,可是
26,43,M:,康寧
26,43,M:,護校
26,43,M:,在
26,43,M:,那
26,43,M:,個
26,43,M:,—
27,44,F:,(...)
27,44,F:,可是
27,44,F:,護校
27,44,F:,跟
27,44,F:,醫院
27,44,F:,有
27,44,F:,一
27,44,F:,段
27,44,F:,[距離]
27,44,F:,.
28,45,M:,[對
28,45,M:,啊]
28,45,M:,.
29,46,F:,(.)
29,46,F:,對
29,46,F:,.
30,47,M:,(...)
30,47,M:,不是
30,47,M:,在
30,47,M:,捷運站
30,47,M:,下來
30,47,M:,那邊
30,47,M:,.
30,48,M:,(...)
30,48,M:,um
30,48,M:,這
30,48,M:,還
30,48,M:,不錯
30,48,M:,","
30,49,M:,(...)
30,49,M:,<#
30,49,M:,你
30,49,M:,昨天
30,49,M:,有
30,49,M:,失眠
30,49,M:,喔
30,49,M:,#>
30,49,M:,","
31,50,F:,(...)
31,50,F:,你
31,50,F:,可以
31,50,F:,去
31,50,F:,看
31,50,F:,這
31,50,F:,個
31,50,F:,","
31,51,F:,(.)
31,51,F:,快
31,51,F:,結束
31,51,F:,了
31,51,F:,.
32,52,M:,(...)
32,52,M:,你
32,52,M:,要
32,52,M:,去
32,52,M:,看
32,52,M:,那
32,52,M:,個
32,52,M:,嗎
32,52,M:,","
33,53,F:,(.)
33,53,F:,沒有
33,53,F:,(.)
33,53,F:,我
33,53,F:,已經
33,53,F:,去
33,53,F:,看
33,53,F:,完
33,53,F:,了
33,53,F:,","
34,54,M:,(.)
34,54,M:,喔
34,54,M:,可是
34,54,M:,我
34,54,M:,看
34,54,M:,過
34,54,M:,了
34,54,M:,","
35,55,F:,(...)
35,55,F:,你
35,55,F:,看
35,55,F:,過
35,55,F:,囉
35,55,F:,?
36,56,M:,(.)
36,56,M:,um
36,56,M:,.
36,57,M:,(...)
36,57,M:,你
36,57,M:,要
36,57,M:,去
36,57,M:,看
36,57,M:,那
36,57,M:,個
36,57,M:,","
36,58,M:,(.)
36,58,M:,梵谷
36,58,M:,嗎
36,58,M:,.
37,59,F:,(...)
37,59,F:,還
37,59,F:,在
37,59,F:,考慮
37,59,F:,耶
37,59,F:,.
37,60,F:,(...)
37,60,F:,我
37,60,F:,覺得
37,60,F:,人
37,60,F:,可能
37,60,F:,會
37,60,F:,很多
37,60,F:,.
38,61,M:,(.)
38,61,M:,因為
38,61,M:,才
38,61,M:,展
38,61,M:,幾
38,61,M:,天
38,61,M:,而已
38,61,M:,.
39,62,F:,(...)
39,62,F:,TSK
39,62,F:,","
39,63,F:,(.)
39,63,F:,對
39,63,F:,啊
39,63,F:,.
39,64,F:,(...)
39,64,F:,有
39,64,F:,點
39,64,F:,猶豫
39,64,F:,","
39,65,F:,(...)
39,65,F:,不
39,65,F:,覺得
39,65,F:,人
39,65,F:,很多
39,65,F:,的
39,65,F:,時候
39,65,F:,都
39,65,F:,—
39,66,F:,(...)
39,66,F:,沒有
39,66,F:,很
39,66,F:,好看
39,66,F:,.
40,67,M:,(.)
40,67,M:,對
40,67,M:,啊
40,67,M:,","
40,68,M:,(.)
40,68,M:,所以
40,68,M:,就是
40,68,M:,—
40,69,M:,(.)
40,69,M:,就是
40,69,M:,想
40,69,M:,說
40,69,M:,什麼
40,69,M:,時[2候
40,69,M:,去
40,69,M:,看]
40,69,M:,","
41,70,F:,[2因為
41,70,F:,上]次
41,70,F:,那
41,70,F:,個
41,70,F:,","
41,71,F:,(.)
41,71,F:,那
41,71,F:,個
41,71,F:,甚麼
41,71,F:,.
41,72,F:,(.)
41,72,F:,龐畢度
41,72,F:,的
41,72,F:,時候
41,72,F:,","
41,73,F:,(...)
41,73,F:,人
41,73,F:,就
41,73,F:,超多
41,73,F:,的
41,73,F:,.
41,74,F:,(...)
41,74,F:,就
41,74,F:,覺得
41,74,F:,很
41,74,F:,難看
41,74,F:,.
42,75,M:,(...)
42,75,M:,所以
42,75,M:,我
42,75,M:,在
42,75,M:,想
42,75,M:,說
42,75,M:,甚麼
42,75,M:,時候
42,75,M:,去
42,75,M:,看
42,75,M:,皮克斯
42,75,M:,啊
42,75,M:,.
42,76,M:,(.)
42,76,M:,感覺
42,76,M:,再
42,76,M:,過去
42,76,M:,(.)
42,76,M:,應該
42,76,M:,人
42,76,M:,會
42,76,M:,更
42,76,M:,多
42,76,M:,.
43,77,F:,(...)
43,77,F:,對
43,77,F:,啊
43,77,F:,.
43,78,F:,(...)
43,78,F:,TSK
43,78,F:,","
43,79,F:,(.)
43,79,F:,可是
43,79,F:,沒
43,79,F:,辦法
43,79,F:,我
43,79,F:,只有
43,79,F:,假日
43,79,F:,可以
43,79,F:,","
44,80,M:,(.)
44,80,M:,高雄人
44,80,M:,都
44,80,M:,看完
44,80,M:,了
44,80,M:,.
45,81,F:,(...)
45,81,F:,ho
45,81,F:,.
45,82,F:,(...)
45,82,F:,一
45,82,F:,整
45,82,F:,個
45,82,F:,就
45,82,F:,覺得
45,82,F:,很
45,82,F:,煩
45,82,F:,＠
45,82,F:,.
46,83,M:,(.)
46,83,M:,ei
46,83,M:,","
46,84,M:,(.)
46,84,M:,那
46,84,M:,所以
46,84,M:,你
46,84,M:,弟
46,84,M:,現在
46,84,M:,在
46,84,M:,哪裡
46,84,M:,.
47,85,F:,(...)
47,85,F:,我
47,85,F:,弟
47,85,F:,喔
47,85,F:,.
47,86,F:,(...)
47,86,F:,不要
47,86,F:,問
47,86,F:,我
47,86,F:,.
47,87,F:,(...)
47,87,F:,對不起
47,87,F:,我
47,87,F:,腦袋
47,87,F:,已經
47,87,F:,塞
47,87,F:,不
47,87,F:,下
47,87,F:,這麼
47,87,F:,多
47,87,F:,東西
47,87,F:,了
47,87,F:,＠＠
47,87,F:,.
47,88,F:,(...)
47,88,F:,我
47,88,F:,真的
47,88,F:,","
47,89,F:,(.)
47,89,F:,應該
47,89,F:,在
47,89,F:,立德
47,89,F:,啦
47,89,F:,.
48,90,M:,(...)
48,90,M:,立德
48,90,M:,喔
48,90,M:,.
49,91,F:,(.)
49,91,F:,對
49,91,F:,啊
49,91,F:,.
50,92,M:,(...)
50,92,M:,技術
50,92,M:,學院
50,92,M:,喔
50,92,M:,.
51,93,F:,(.)
51,93,F:,好
51,93,F:,—
51,94,F:,(.)
51,94,F:,好像
51,94,F:,是
51,94,F:,吧
51,94,F:,.
52,95,M:,(...)
52,95,M:,唸
52,95,M:,什麼
52,95,M:,.
53,96,F:,(...)
53,96,F:,日文
53,96,F:,啊
53,96,F:,.
54,97,M:,(...)
54,97,M:,日文
54,97,M:,.
55,98,F:,(.)
55,98,F:,對
55,98,F:,呀
55,98,F:,","
55,99,F:,(...)
55,99,F:,你
55,99,F:,也
55,99,F:,知道
55,99,F:,我
55,99,F:,弟
55,99,F:,不
55,99,F:,愛
55,99,F:,唸書
55,99,F:,.
56,100,M:,(...)
56,100,M:,對
56,100,M:,呀
56,100,M:,.
57,101,F:,(.)
57,101,F:,對
57,101,F:,.
57,102,F:,(.)
57,102,F:,之前
57,102,F:,我
57,102,F:,爸
57,102,F:,一直
57,102,F:,叫
57,102,F:,他
57,102,F:,轉學
57,102,F:,.
58,103,M:,(.)
58,103,M:,[##]
58,103,M:,.
59,104,F:,[因為
59,104,F:,感]覺
59,104,F:,他們
59,104,F:,學校
59,104,F:,快
59,104,F:,倒
59,104,F:,了
59,104,F:,.
60,105,M:,(.)
60,105,M:,對
60,105,M:,啊
60,105,M:,","
61,106,F:,(.)
61,106,F:,對
61,106,F:,啊
61,106,F:,.
62,107,M:,(.)
62,107,M:,@@
63,108,F:,(...)
63,108,F:,對
63,108,F:,啊
63,108,F:,.
64,109,M:,(.)
64,109,M:,你
64,109,M:,弟
64,109,M:,幹嘛
64,109,M:,跑
64,109,M:,去
64,109,M:,唸
64,109,M:,立德
64,109,M:,啊
64,109,M:,.
65,110,F:,(...)
65,110,F:,我
65,110,F:,不
65,110,F:,知道
65,110,F:,啊
65,110,F:,?
65,111,F:,(...)
65,111,F:,TSK
65,111,F:,","
65,112,F:,(.)
65,112,F:,就是
65,112,F:,不
65,112,F:,愛
65,112,F:,唸書
65,112,F:,嘛
65,112,F:,.
66,113,M:,(...)
66,113,M:,有
66,113,M:,到
66,113,M:,這
66,113,M:,種
66,113,M:,程度
66,113,M:,喔
66,113,M:,.
67,114,F:,(.)
67,114,F:,有
67,114,F:,啊
67,114,F:,","
67,115,F:,(.)
67,115,F:,真的
67,115,F:,有
67,115,F:,好不好
67,115,F:,","
68,116,M:,(...)
68,116,M:,喔
68,116,M:,.
69,117,F:,(...)
69,117,F:,對
69,117,F:,啊
69,117,F:,.
69,118,F:,(...)
69,118,F:,嘖
69,118,F:,","
69,119,F:,(.)
69,119,F:,很
69,119,F:,慘
69,119,F:,.
70,120,M:,(...)
70,120,M:,可是
70,120,M:,至少
70,120,M:,離
70,120,M:,你們
70,120,M:,家
70,120,M:,很
70,120,M:,近
70,120,M:,@
70,120,M:,","
71,121,F:,(.)
71,121,F:,但
71,121,F:,—
71,122,F:,我
71,122,F:,還是
71,122,F:,覺得
71,122,F:,滿
71,122,F:,慘
71,122,F:,的
71,122,F:,.
71,123,F:,(...)
71,123,F:,就
71,123,F:,完全
71,123,F:,不
71,123,F:,知道
71,123,F:,他
71,123,F:,出來
71,123,F:,要
71,123,F:,幹嘛
71,123,F:,.
71,124,F:,(.)
71,124,F:,@
72,125,M:,(...)
72,125,M:,當
72,125,M:,宅宅
72,125,M:,啊
72,125,M:,?
72,126,M:,(...)
72,126,M:,不錯
72,126,M:,","
73,127,F:,(.)
73,127,F:,靠
73,127,F:,.
74,128,M:,(.)
74,128,M:,@@@[2=]
75,129,F:,[2當
75,129,F:,什麼]
75,129,F:,宅宅
75,129,F:,.
76,130,M:,(.)
76,130,M:,唸
76,130,M:,日文系
76,130,M:,出來
76,130,M:,可以
76,130,M:,當
76,130,M:,","
77,131,F:,(...)
77,131,F:,我
77,131,F:,覺得
77,131,F:,他
77,131,F:,可以
77,131,F:,去
77,131,F:,摩斯
77,131,F:,打工
77,131,F:,就
77,131,F:,不錯
77,131,F:,了
77,131,F:,@@@
77,131,F:,.
78,132,M:,(.)
78,132,M:,@
79,133,F:,(...)
79,133,F:,以後
79,133,F:,就
79,133,F:,靠
79,133,F:,他
79,133,F:,了
79,133,F:,.
80,134,M:,(...)
80,134,M:,什麼
80,134,M:,鬼
80,134,M:,.
81,135,F:,(.)
81,135,F:,@@@[=]
82,136,M:,[@]
83,137,F:,(...)
83,137,F:,還
83,137,F:,不錯
83,137,F:,啊
83,137,F:,?
83,138,F:,(.)
83,138,F:,摩斯
83,138,F:,打工
83,138,F:,","
83,139,F:,(...)
83,139,F:,打
83,139,F:,到
83,139,F:,正職
83,139,F:,","
83,140,F:,(.)
83,140,F:,就
83,140,F:,至少
83,140,F:,比
83,140,F:,沒
83,140,F:,工作
83,140,F:,好
83,140,F:,啊
83,140,F:,","
84,141,M:,(.)
84,141,M:,那
84,141,M:,—
84,142,M:,(.)
84,142,M:,我
84,142,M:,想
84,142,M:,吃
84,142,M:,茹絲葵
84,142,M:,.
84,143,M:,(.)
84,143,M:,可以
84,143,M:,去
84,143,M:,茹絲葵
84,143,M:,打工
84,143,M:,嗎
84,143,M:,?
85,144,F:,(.)
85,144,F:,TSK
85,144,F:,","
85,145,F:,(.)
85,145,F:,恐怕
85,145,F:,沒
85,145,F:,辦法
85,145,F:,","
85,146,F:,(.)
85,146,F:,你
85,146,F:,知道
85,146,F:,我
85,146,F:,弟
85,146,F:,很
85,146,F:,嬌小
85,146,F:,.
85,147,F:,(.)
85,147,F:,茹絲葵
85,147,F:,盤子
85,147,F:,可能
85,147,F:,太
85,147,F:,重
85,147,F:,.
86,148,M:,(.)
86,148,M:,那
86,148,M:,挑
86,148,M:,個
86,148,M:,好
86,148,M:,日本
86,148,M:,餐廳
86,148,M:,.
87,149,F:,(.)
87,149,F:,啊
87,149,F:,日本
87,149,F:,餐廳
87,149,F:,還
87,149,F:,不
87,149,F:,錯
87,149,F:,","
87,150,F:,(.)
87,150,F:,盤子
87,150,F:,不
87,150,F:,會
87,150,F:,太
87,150,F:,重
87,150,F:,.
88,151,M:,(...)
88,151,M:,對
88,151,M:,啊
88,151,M:,.
89,152,F:,(...)
89,152,F:,<L3
89,152,F:,袂
89,152,F:,歹
89,152,F:,喔
89,152,F:,((不壞
89,152,F:,喔))
89,152,F:,L3>
89,152,F:,.
89,153,F:,(.)
89,153,F:,ei
89,153,F:,之前
89,153,F:,我
89,153,F:,跟
89,153,F:,我
89,153,F:,同學
89,153,F:,去
89,153,F:,吃
89,153,F:,一家
89,153,F:,叫
89,153,F:,","
89,154,F:,(...)
89,154,F:,隆
89,154,F:,.
90,155,M:,(...)
90,155,M:,在
90,155,M:,哪裡
90,155,M:,啊
90,155,M:,.
91,156,F:,(.)
91,156,F:,隆起
91,156,F:,的
91,156,F:,隆
91,156,F:,.
92,157,M:,(.)
92,157,M:,[2恩]
92,157,M:,.
93,158,F:,[2在]
93,158,F:,九條通
93,158,F:,那裡
93,158,F:,.
94,159,M:,(...)
94,159,M:,huh
94,159,M:,?
95,160,F:,(.)
95,160,F:,林森
95,160,F:,北路
95,160,F:,那裡
95,160,F:,.
95,161,F:,(...)
95,161,F:,@@
95,162,F:,(...)
95,162,F:,那
95,162,F:,邊
95,162,F:,很多
95,162,F:,都
95,162,F:,是
95,162,F:,那種
95,162,F:,就是
95,162,F:,—
95,163,F:,(.)
95,163,F:,叫
95,163,F:,小姐
95,163,F:,陪
95,163,F:,的
95,163,F:,那種
95,163,F:,店
95,163,F:,.
95,164,F:,(.)
95,164,F:,然後
95,164,F:,還
95,164,F:,有
95,164,F:,跟
95,164,F:,一些
95,164,F:,日本
95,164,F:,料理
95,164,F:,.
96,165,M:,(.)
96,165,M:,喔
96,165,M:,原來
96,165,M:,那邊
96,165,M:,就
96,165,M:,叫
96,165,M:,九條通
96,165,M:,","
97,166,F:,(.)
97,166,F:,對
97,166,F:,.
98,167,M:,(.)
98,167,M:,喔
98,167,M:,","
98,168,M:,(.)
98,168,M:,是
98,168,M:,是
98,168,M:,是
98,168,M:,","
99,169,F:,(...)
99,169,F:,還
99,169,F:,滿
99,169,F:,好吃
99,169,F:,的
99,169,F:,.
99,170,F:,(...)
99,170,F:,日本
99,170,F:,料理店
99,170,F:,","
99,171,F:,(.)
99,171,F:,他
99,171,F:,是
99,171,F:,日本
99,171,F:,料理店
99,171,F:,","
99,172,F:,不
99,172,F:,是
99,172,F:,陪
99,172,F:,小姐
99,172,F:,的
99,172,F:,那
99,172,F:,種
99,172,F:,","
100,173,M:,(.)
100,173,M:,真的
100,173,M:,ho
100,173,M:,[@@@]
100,173,M:,?
101,174,F:,[真的
101,174,F:,啦]
101,174,F:,.
102,175,M:,(.)
102,175,M:,@
102,175,M:,我
102,175,M:,很
102,175,M:,懷疑
102,175,M:,.
103,176,F:,(.)
103,176,F:,我
103,176,F:,去
103,176,F:,[2叫
103,176,F:,陪
103,176,F:,小姐
103,176,F:,幹麻
103,176,F:,啊
103,176,F:,@@]
103,176,F:,.
104,177,M:,[2@@@]
105,178,F:,(.)
105,178,F:,甯翔毫
105,178,F:,.
106,179,M:,(.)
106,179,M:,你
106,179,M:,怎麼
106,179,M:,知道
106,179,M:,","
106,180,M:,(...)
106,180,M:,妳們
106,180,M:,","
106,181,M:,(.)
106,181,M:,診
106,181,M:,","
106,182,M:,(.)
106,182,M:,TSK
106,182,M:,—
106,183,M:,(.)
106,183,M:,診所
106,183,M:,","
106,184,M:,(...)
106,184,M:,[3主管
106,184,M:,都]
106,184,M:,灌
106,184,M:,人家
106,184,M:,酒
106,184,M:,.
107,185,F:,[3怎樣]
107,185,F:,","
108,186,M:,(...)
108,187,M:,(.)
108,187,M:,這種
108,187,M:,診所
108,187,M:,","
108,188,M:,(.)
108,188,M:,上樑
108,188,M:,不
108,188,M:,正
108,188,M:,下樑
108,188,M:,歪
108,188,M:,不
108,188,M:,是
108,188,M:,.
109,189,F:,(.)
109,189,F:,靠
109,189,F:,.
110,190,M:,(.)
110,190,M:,@@@=
111,191,F:,(...)
111,191,F:,今天
111,191,F:,—
111,192,F:,(.)
111,192,F:,好
111,192,F:,啦
111,192,F:,","
111,193,F:,(.)
111,193,F:,[總而言之
111,193,F:,就
111,193,F:,是
111,193,F:,一
111,193,F:,間]
111,193,F:,","
112,194,M:,[跑
112,194,M:,到
112,194,M:,那裡
112,194,M:,去]
112,194,M:,","
113,195,F:,(.)
113,195,F:,不錯
113,195,F:,的
113,195,F:,日本
113,195,F:,[2料理]
113,195,F:,.
114,196,M:,[2跑
114,196,M:,到
114,196,M:,那裡]
114,196,M:,去
114,196,M:,吃
114,196,M:,.
115,197,F:,(...)
115,197,F:,對
115,197,F:,啊
115,197,F:,.
116,198,M:,(.)
116,198,M:,很
116,198,M:,遠
116,198,M:,耶
116,198,M:,.
117,199,F:,(...)
117,199,F:,就
117,199,F:,在
117,199,F:,中山站
117,199,F:,那裡
117,199,F:,啊
117,199,F:,","
118,200,M:,(.)
118,200,M:,中山站
118,200,M:,.
119,201,F:,(...)
119,201,F:,哪
119,201,F:,會
119,201,F:,很
119,201,F:,遠
119,201,F:,啊
119,201,F:,","
120,202,M:,(...)
120,202,M:,um
120,202,M:,?
121,203,F:,(...)
121,203,F:,林森
121,203,F:,[北路]
121,203,F:,","
122,204,M:,[我
122,204,M:,知道]
122,204,M:,我
122,204,M:,知道
122,204,M:,啊
122,204,M:,","
122,205,M:,(...)
122,205,M:,我
122,205,M:,沒有
122,205,M:,看過
122,205,M:,.
122,206,M:,(...)
122,206,M:,就
122,206,M:,在
122,206,M:,新興百貨
122,206,M:,那裡
122,206,M:,","
123,207,F:,(...)
123,207,F:,um
123,207,F:,—
123,208,F:,我
123,208,F:,不
123,208,F:,知道
123,208,F:,在
123,208,F:,哪
123,208,F:,個
123,208,F:,百貨
123,208,F:,附近
123,208,F:,.
123,209,F:,(.)
123,209,F:,反正
123,209,F:,就
123,209,F:,","
124,210,M:,(.)
124,210,M:,就
124,210,M:,是
124,210,M:,有
124,210,M:,一
124,210,M:,個
124,210,M:,很
124,210,M:,大
124,210,M:,的
124,210,M:,公園
124,210,M:,.
125,211,F:,(...)
125,211,F:,um
125,211,F:,","
125,212,F:,好像
125,212,F:,過
125,212,F:,了
125,212,F:,那
125,212,F:,個
125,212,F:,公園
125,212,F:,.
126,213,M:,(.)
126,213,M:,對
126,213,M:,啊
126,213,M:,","
127,214,F:,(.)
127,214,F:,對
127,214,F:,啊
127,214,F:,.
127,215,F:,(.)
127,215,F:,[2還
127,215,F:,不
127,215,F:,錯]
127,215,F:,—
128,216,M:,[2過
128,216,M:,去]
128,216,M:,就是
128,216,M:,新興百貨
128,216,M:,.
129,217,F:,(.)
129,217,F:,是
129,217,F:,喔
129,217,F:,.
129,218,F:,然後
129,218,F:,之前
129,218,F:,我
129,218,F:,同學
129,218,F:,本來
129,218,F:,","
129,219,F:,(...)
129,219,F:,就是
129,219,F:,","
129,220,F:,(...)
129,220,F:,原本
129,220,F:,是
129,220,F:,要
129,220,F:,去
129,220,F:,吃
129,220,F:,瞞著爹
129,220,F:,.
129,221,F:,(...)
129,221,F:,可是
129,221,F:,我
129,221,F:,同學
129,221,F:,[訂]
129,221,F:,不
129,221,F:,到
129,221,F:,位
129,221,F:,.
130,222,M:,[喔]
130,222,M:,","
130,223,M:,(...)
130,223,M:,那
130,223,M:,間
130,223,M:,我
130,223,M:,好像
130,223,M:,聽過
130,223,M:,.
131,224,F:,(...)
131,224,F:,對
131,224,F:,啊
131,224,F:,.
131,225,F:,(.)
131,225,F:,因為
131,225,F:,他
131,225,F:,才
131,225,F:,四
131,225,F:,個
131,225,F:,位子
131,225,F:,而已
131,225,F:,.
131,226,F:,(...)
131,226,F:,瞞著爹
131,226,F:,才
131,226,F:,四
131,226,F:,個
131,226,F:,位子
131,226,F:,而已
131,226,F:,.
131,227,F:,(...)
131,227,F:,他
131,227,F:,只是
131,227,F:,[2一
131,227,F:,間]
131,227,F:,","
132,228,M:,[2是
132,228,M:,吃]
132,228,M:,那
132,228,M:,個
132,228,M:,","
132,229,M:,(...)
132,229,M:,壽司
132,229,M:,啊
132,229,M:,.
133,230,F:,(...)
133,230,F:,就
133,230,F:,日本
133,230,F:,[3料理店
133,230,F:,啊]
133,230,F:,?
134,231,M:,[3在
134,231,M:,師大]
134,231,M:,那邊
134,231,M:,對不對
134,231,M:,","
135,232,F:,(.)
135,232,F:,對
135,232,F:,對
135,232,F:,對
135,232,F:,對
135,232,F:,對
135,232,F:,.
135,233,F:,(...)
135,233,F:,他
135,233,F:,是
135,233,F:,吃
135,233,F:,那
135,233,F:,個
135,233,F:,生yu-
135,233,F:,—
135,234,F:,(.)
135,234,F:,那
135,234,F:,個
135,234,F:,","
135,235,F:,(.)
135,235,F:,握壽司
135,235,F:,的
135,235,F:,.
136,236,M:,(.)
136,236,M:,那
136,236,M:,為什麼
136,236,M:,不
136,236,M:,去
136,236,M:,吃
136,236,M:,游壽司
136,236,M:,.
137,237,F:,(...)
137,237,F:,有
137,237,F:,去
137,237,F:,吃
137,237,F:,啊
137,237,F:,","
137,238,F:,(.)
137,238,F:,之前
137,238,F:,就
137,238,F:,去
137,238,F:,吃
137,238,F:,[過]
137,238,F:,了
137,238,F:,啊
137,238,F:,?
138,239,M:,[喔]
138,239,M:,.
138,240,M:,(...)
138,240,M:,瞞著爹
138,240,M:,好像
138,240,M:,很
138,240,M:,好吃
138,240,M:,.
139,241,F:,(.)
139,241,F:,[2游壽]司
139,241,F:,也
139,241,F:,不
139,241,F:,錯
139,241,F:,啦
139,241,F:,.
140,242,M:,[2<#
140,242,M:,看
140,242,M:,起來
140,242,M:,#>]
141,243,M:,(...)
141,243,M:,um
141,243,M:,.
142,244,F:,(...)
142,244,F:,對
142,244,F:,啊
142,244,F:,.
143,245,M:,(.)
143,245,M:,我
143,245,M:,那
143,245,M:,天
143,245,M:,就
143,245,M:,跑去
143,245,M:,吃
143,245,M:,那
143,245,M:,個
143,245,M:,<L4
143,245,M:,Yu
143,245,M:,Sushi
143,245,M:,L4>
143,245,M:,斜
143,245,M:,對面
143,245,M:,的
143,245,M:,.
144,246,F:,(.)
144,246,F:,那
144,246,F:,什麼
144,246,F:,","
145,247,M:,(...)
145,247,M:,那
145,247,M:,什麼
145,247,M:,花知道
145,247,M:,的
145,247,M:,.
146,248,F:,(.)
146,248,F:,[花知道]
146,248,F:,","
147,249,M:,[因為
147,249,M:,","
147,250,M:,(.)
147,250,M:,因]
147,250,M:,那
147,250,M:,個
147,250,M:,主廚
147,250,M:,是
147,250,M:,我
147,250,M:,","
147,251,M:,(...)
147,251,M:,同學
147,251,M:,的
147,251,M:,室友
147,251,M:,.
148,252,F:,(...)
148,252,F:,是
148,252,F:,喔
148,252,F:,.
149,253,M:,(...)
149,253,M:,所以
149,253,M:,每次
149,253,M:,去
149,253,M:,都
149,253,M:,有
149,253,M:,<L3
149,253,M:,special
149,253,M:,L3>
149,253,M:,.
150,254,F:,(...)
150,254,F:,真的
150,254,F:,喔
150,254,F:,.
150,255,F:,(.)
150,255,F:,這麼
150,255,F:,爽
150,255,F:,.
150,256,F:,(...)
150,256,F:,那
150,256,F:,甚麼
150,256,F:,時候
150,256,F:,可以
150,256,F:,跟
150,256,F:,你
150,256,F:,一起
150,256,F:,去
150,256,F:,吃
150,256,F:,[2@@@=]
150,256,F:,.
151,257,M:,[2@@=]
152,258,F:,(.)
152,258,F:,快
152,258,F:,點
152,258,F:,","
152,259,F:,(...)
152,259,F:,手機
152,259,F:,拿來
152,259,F:,","
152,260,F:,(...)
152,260,F:,我
152,260,F:,看
152,260,F:,一下
152,260,F:,我
152,260,F:,的
152,260,F:,<3
152,260,F:,schedule
152,260,F:,L3>
152,260,F:,.
153,261,M:,(...)
153,261,M:,最好
153,261,M:,是
153,261,M:,有空
153,261,M:,啦
153,261,M:,.
154,262,F:,(.)
154,262,F:,喔
154,262,F:,.
155,263,M:,(...)
155,263,M:,然後
155,263,M:,他
155,263,M:,每天
155,263,M:,都
155,263,M:,###
155,263,M:,","
156,264,F:,(.)
156,264,F:,那
156,264,F:,他
156,264,F:,開
156,264,F:,到
156,264,F:,從
156,264,F:,幾點
156,264,F:,開
156,264,F:,到
156,264,F:,幾點
156,264,F:,.
157,265,M:,(...)
157,265,M:,<#
157,265,M:,我
157,265,M:,在
157,265,M:,想
157,265,M:,#>
157,265,M:,—
157,266,M:,(.)
157,266,M:,吃
157,266,M:,下
157,266,M:,—
157,267,M:,(...)
157,267,M:,吃
157,267,M:,—
157,268,M:,(.)
157,268,M:,就
157,268,M:,吃
157,268,M:,中午
157,268,M:,跟
157,268,M:,晚上
157,268,M:,.
158,269,F:,(...)
158,269,F:,喔
158,269,F:,","
158,270,F:,(.)
158,270,F:,叫
158,270,F:,甚麼
158,270,F:,(.)
158,270,F:,花知道
158,270,F:,喔
158,270,F:,","
159,271,M:,(.)
159,271,M:,um
159,271,M:,.
160,272,F:,(.)
160,272,F:,哪
160,272,F:,一
160,272,F:,個
160,272,F:,花
160,272,F:,啊
160,272,F:,.
160,273,F:,(...)
160,273,F:,<L3
160,273,F:,flower
160,273,F:,L3>
160,273,F:,的
160,273,F:,[3花
160,273,F:,喔]
160,273,F:,.
161,274,M:,[3對
161,274,M:,啊]
161,274,M:,.
161,275,M:,(...)
161,275,M:,知道
161,275,M:,啊
161,275,M:,","
162,276,F:,(...)
162,276,F:,哪
162,276,F:,一
162,276,F:,個
162,276,F:,知
162,276,F:,","
162,277,F:,(...)
162,277,F:,這
162,277,F:,個
162,277,F:,之
162,277,F:,","
163,278,M:,(...)
163,278,M:,就
163,278,M:,知道
163,278,M:,的
163,278,M:,知道
163,278,M:,啊
163,278,M:,.
164,279,F:,(.)
164,279,F:,喔
164,279,F:,.
164,280,F:,知道
164,280,F:,.
164,281,F:,(...)
164,281,F:,喔
164,281,F:,.
164,282,F:,(.)
164,282,F:,好
164,282,F:,.
165,283,M:,(.)
165,283,M:,就
165,283,M:,斜
165,283,M:,—
165,284,M:,(.)
165,284,M:,就
165,284,M:,在
165,284,M:,(.)
165,284,M:,那
165,284,M:,個
165,284,M:,(.)
165,284,M:,斜
165,284,M:,—
165,285,M:,(.)
165,285,M:,斜
165,285,M:,對面
165,285,M:,的
165,285,M:,巷子
165,285,M:,裡
165,285,M:,.
166,286,F:,(...)
166,286,F:,好
166,286,F:,.
166,287,F:,(...)
166,287,F:,去
166,287,F:,查
166,287,F:,一下
166,287,F:,.
166,288,F:,(.)
166,288,F:,是
166,288,F:,吃
166,288,F:,甚麼
166,288,F:,的
166,288,F:,.
166,289,F:,(.)
166,289,F:,日本
166,289,F:,料理
166,289,F:,喔
166,289,F:,.
167,290,F:,(.)
167,290,F:,要不然
167,290,F:,le
167,290,F:,","
168,291,M:,(...)
168,291,M:,就
168,291,M:,","
168,292,M:,(.)
168,292,M:,[西餐]
168,292,M:,.
169,293,F:,[複合
169,293,F:,式]
169,293,F:,.
170,294,M:,(...)
170,294,M:,[2西餐]
170,294,M:,.
171,295,F:,[2喔]
171,295,F:,.
172,296,M:,(.)
172,296,M:,西餐
172,296,M:,還有
172,296,M:,那些
172,296,M:,","
173,297,F:,(...)
173,297,F:,好
173,297,F:,","
173,298,F:,(.)
173,298,F:,好
173,298,F:,","
173,299,F:,(...)
173,299,F:,去
173,299,F:,查
173,299,F:,一下
173,299,F:,","
174,300,M:,(...)
174,300,M:,TSK
174,300,M:,.
175,301,F:,(...)
175,301,F:,怎麼樣
175,301,F:,啦
175,301,F:,?
176,302,M:,(.)
176,302,M:,沒有
176,302,M:,","
177,303,F:,(...)
177,303,F:,好
177,303,F:,想
177,303,F:,吃
177,303,F:,日本
177,303,F:,料理
177,303,F:,喔
177,303,F:,","
178,304,M:,(...)
178,304,M:,日本
178,304,M:,料理
178,304,M:,","
178,305,M:,(...)
178,305,M:,去
178,305,M:,吃
178,305,M:,那間
178,305,M:,","
178,306,M:,(...)
178,306,M:,握
178,306,M:,—
178,307,M:,(.)
178,307,M:,那
178,307,M:,個
178,307,M:,握壽司
178,307,M:,吃
178,307,M:,到
178,307,M:,飽
178,307,M:,啊
178,307,M:,.
178,308,M:,(...)
178,308,M:,在
178,308,M:,那
178,308,M:,個
178,308,M:,","
179,309,F:,(...)
179,309,F:,我
179,309,F:,覺得
179,309,F:,(.)
179,309,F:,好
179,309,F:,吃
179,309,F:,嗎
179,309,F:,.
180,310,M:,(...)
180,310,M:,還
180,310,M:,可以
180,310,M:,啊
180,310,M:,.
180,311,M:,(.)
180,311,M:,可是
180,311,M:,聽說
180,311,M:,三燔
180,311,M:,好像
180,311,M:,更
180,311,M:,好吃
180,311,M:,.
181,312,F:,(...)
181,312,F:,哪
181,312,F:,—
181,313,F:,(.)
181,313,F:,哪裡
181,313,F:,","
182,314,M:,(...)
182,314,M:,就
182,314,M:,在
182,314,M:,一零一
182,314,M:,裡面
182,314,M:,啊
182,314,M:,","
183,315,F:,(...)
183,315,F:,喔
183,315,F:,.
184,316,M:,(...)
184,316,M:,一
184,316,M:,個
184,316,M:,人
184,316,M:,好像
184,316,M:,—
184,317,M:,(...)
184,317,M:,六百八
184,317,M:,吧
184,317,M:,.
185,318,F:,(...)
185,318,F:,喔
185,318,F:,.
185,319,F:,(...)
185,319,F:,還好
185,319,F:,","
186,320,M:,(...)
186,320,M:,對
186,320,M:,啊
186,320,M:,","
187,321,F:,(.)
187,321,F:,um
187,321,F:,.
188,322,M:,(.)
188,322,M:,um
188,322,M:,.
188,323,M:,(.)
188,323,M:,握壽司
188,323,M:,吃
188,323,M:,到
188,323,M:,飽
188,323,M:,.
188,324,M:,(.)
188,324,M:,差
188,324,M:,不多
188,324,M:,那
188,324,M:,個
188,324,M:,價錢
188,324,M:,.
189,325,F:,(...)
189,325,F:,六百八
189,325,F:,還
189,325,F:,好
189,325,F:,.
190,326,M:,(...)
190,326,M:,#####
190,326,M:,.
191,327,F:,(...)
191,327,F:,我
191,327,F:,上次
191,327,F:,跟
191,327,F:,我
191,327,F:,同學
191,327,F:,去
191,327,F:,吃
191,327,F:,那間
191,327,F:,隆
191,327,F:,","
191,328,F:,(...)
191,328,F:,我們
191,328,F:,兩
191,328,F:,個
191,328,F:,人
191,328,F:,就
191,328,F:,吃
191,328,F:,了
191,328,F:,兩千五
191,328,F:,.
191,329,F:,(...)
191,329,F:,而且
191,329,F:,還是
191,329,F:,宵夜
191,329,F:,喔
191,329,F:,","
192,330,M:,(.)
192,330,M:,@
193,331,F:,(.)
193,331,F:,@@
193,332,F:,(.)
193,332,F:,@@
194,333,M:,(.)
194,333,M:,@
194,334,M:,(.)
194,334,M:,吃
194,334,M:,瞞著爹
194,334,M:,還
194,334,M:,比較
194,334,M:,省錢
194,334,M:,.
195,335,F:,(.)
195,335,F:,ha
195,335,F:,?
196,336,M:,(.)
196,336,M:,瞞著爹
196,336,M:,","
196,337,M:,才
196,337,M:,—
197,338,F:,(.)
197,338,F:,對
197,338,F:,","
197,339,F:,(.)
197,339,F:,瞞著爹
197,339,F:,大概
197,339,F:,七八[百]
197,339,F:,.
198,340,M:,[七]八百
198,340,M:,.
199,341,F:,(.)
199,341,F:,一
199,341,F:,個
199,341,F:,人
199,341,F:,七百
199,341,F:,多
199,341,F:,而已
199,341,F:,.
199,342,F:,(.)
199,342,F:,對
199,342,F:,.
200,343,M:,(.)
200,343,M:,還
200,343,M:,不如
200,343,M:,去
200,343,M:,吃
200,343,M:,竹壽司
200,343,M:,.
201,344,F:,(...)
201,344,F:,好
201,344,F:,熟
201,344,F:,—
201,345,F:,(.)
201,345,F:,好
201,345,F:,熟悉
201,345,F:,的
201,345,F:,名字
201,345,F:,喔
201,345,F:,","
202,346,M:,(...)
202,346,M:,在
202,346,M:,景美
202,346,M:,那邊
202,346,M:,啊
202,346,M:,","
203,347,F:,(...)
203,347,F:,竹壽司
203,347,F:,.
203,348,F:,(...)
203,348,F:,景美
203,348,F:,有
203,348,F:,點
203,348,F:,麻煩
203,348,F:,.
203,349,F:,(...)
203,349,F:,還是
203,349,F:,去
203,349,F:,瞞著爹
203,349,F:,好
203,349,F:,了
203,349,F:,.
204,350,M:,(...)
204,350,M:,對
204,350,M:,啊
204,350,M:,.
204,351,M:,(.)
204,351,M:,[2和平
204,351,M:,東路
204,351,M:,一直]
204,351,M:,走
204,351,M:,就
204,351,M:,到
204,351,M:,了
204,351,M:,.
205,352,F:,[2比較
205,352,F:,方便]
205,352,F:,.
206,353,M:,(.)
206,353,M:,對
206,353,M:,啊
206,353,M:,?
207,354,M:,(...)
207,354,M:,我
207,354,M:,也
207,354,M:,還
207,354,M:,沒
207,354,M:,去
207,354,M:,過
207,354,M:,耶
207,354,M:,.
207,355,M:,(.)
207,355,M:,是不是
207,355,M:,在
207,355,M:,那
207,355,M:,個
207,355,M:,","
207,356,M:,(...)
207,356,M:,小
207,356,M:,巷子
207,356,M:,裡面
207,356,M:,啊
207,356,M:,.
208,357,F:,(.)
208,357,F:,我
208,357,F:,不
208,357,F:,知道
208,357,F:,","
208,358,F:,(...)
208,358,F:,我
208,358,F:,只有
208,358,F:,看
208,358,F:,那
208,358,F:,個
208,358,F:,","
208,359,F:,(...)
208,359,F:,就是
208,359,F:,","
208,360,F:,(.)
208,360,F:,大家
208,360,F:,的
208,360,F:,blog
208,360,F:,上面
208,360,F:,寫
208,360,F:,的
208,360,F:,.
209,361,M:,(...)
209,361,M:,之前
209,361,M:,看
209,361,M:,到
209,361,M:,的
209,361,M:,.
210,362,F:,(.)
210,362,F:,um
210,362,F:,.
211,363,M:,(.)
211,363,M:,這
211,363,M:,家
211,363,M:,看起來
211,363,M:,很
211,363,M:,好吃
211,363,M:,.
212,364,F:,(.)
212,364,F:,um
212,364,F:,","
212,365,F:,(.)
212,365,F:,沒錯
212,365,F:,","
212,366,F:,(...)
212,366,F:,有
212,366,F:,空
212,366,F:,可以
212,366,F:,訂位
212,366,F:,一下
212,366,F:,","
212,367,F:,(...)
212,367,F:,可是
212,367,F:,他
212,367,F:,好像
212,367,F:,很
212,367,F:,難
212,367,F:,訂
212,367,F:,耶
212,367,F:,.
213,368,M:,(...)
213,368,M:,沒有
213,368,M:,","
213,369,M:,(.)
213,369,M:,你
213,369,M:,很
213,369,M:,難
213,369,M:,有
213,369,M:,空
213,369,M:,.
214,370,F:,(...)
214,370,F:,沒有
214,370,F:,(.)
214,370,F:,我
214,370,F:,覺得
214,370,F:,是
214,370,F:,比較
214,370,F:,難
214,370,F:,訂
214,370,F:,.
214,371,F:,(...)
214,371,F:,因為
214,371,F:,他
214,371,F:,那邊
214,371,F:,才
214,371,F:,四
214,371,F:,個
214,371,F:,位子
214,371,F:,你
214,371,F:,要
214,371,F:,怎麼
214,371,F:,訂
214,371,F:,啊
214,371,F:,","
215,372,M:,(.)
215,372,M:,台北
215,372,M:,","
216,373,F:,(...)
216,373,F:,怎[樣]
216,373,F:,.
217,374,M:,[還]好
217,374,M:,吧
217,374,M:,","
217,375,M:,(.)
217,375,M:,四
217,375,M:,個
217,375,M:,人
217,375,M:,","
217,376,M:,(...)
217,376,M:,宋廚
217,376,M:,都
217,376,M:,訂
217,376,M:,得
217,376,M:,到
217,376,M:,了
217,376,M:,.
218,377,F:,(...)
218,377,F:,喔
218,377,F:,","
219,378,M:,(...)
219,378,M:,宋廚
219,378,M:,也
219,378,M:,差不多
219,378,M:,是
219,378,M:,—
219,379,M:,(.)
219,379,M:,不
219,379,M:,知道
219,379,M:,是
219,379,M:,四
219,379,M:,個
219,379,M:,人
219,379,M:,還
219,379,M:,八
219,379,M:,個
219,379,M:,人
219,379,M:,.
220,380,F:,(...)
220,380,F:,是
220,380,F:,喔
220,380,F:,.
221,381,M:,(...)
221,381,M:,對
221,381,M:,啊
221,381,M:,","
221,382,M:,(.)
221,382,M:,然後
221,382,M:,聽說
221,382,M:,要
221,382,M:,兩
221,382,M:,個
221,382,M:,月
221,382,M:,前
221,382,M:,.
222,383,F:,(.)
222,383,F:,喔
222,383,F:,.
222,384,F:,(...)
222,384,F:,你
222,384,F:,不
222,384,F:,覺得
222,384,F:,兩
222,384,F:,個
222,384,F:,月
222,384,F:,前
222,384,F:,很
222,384,F:,麻煩
222,384,F:,嗎
222,384,F:,?
222,385,F:,(...)
222,385,F:,因為
222,385,F:,有
222,385,F:,太
222,385,F:,多
222,385,F:,","
222,386,F:,(.)
222,386,F:,就是
222,386,F:,不
222,386,F:,可
222,386,F:,預期
222,386,F:,的
222,386,F:,事情
222,386,F:,能
222,386,F:,跑
222,386,F:,出來
222,386,F:,.
223,387,M:,(.)
223,387,M:,不會
223,387,M:,啊
223,387,M:,.
223,388,M:,(.)
223,388,M:,因為
223,388,M:,每天
223,388,M:,都
223,388,M:,很
223,388,M:,忙
223,388,M:,.
223,389,M:,(.)
223,389,M:,所以
223,389,M:,不
223,389,M:,會
223,389,M:,有
223,389,M:,太
223,389,M:,多
223,389,M:,[2@@=]
223,389,M:,.
224,390,F:,[2@@@=]
224,391,F:,(.)
224,391,F:,就是
224,391,F:,一
224,391,F:,天
224,391,F:,只
224,391,F:,","
224,392,F:,(.)
224,392,F:,就是
224,392,F:,已
224,392,F:,經
224,392,F:,被
224,392,F:,塞到
224,392,F:,百分之
224,392,F:,八十
224,392,F:,了
224,392,F:,.
225,393,M:,(.)
225,393,M:,對
225,393,M:,對
225,393,M:,對
225,393,M:,","
225,394,M:,(.)
225,394,M:,所以
225,394,M:,是
225,394,M:,可以
225,394,M:,預期
225,394,M:,沒
225,394,M:,那麼
225,394,M:,忙
225,394,M:,","
225,395,M:,(.)
225,395,M:,不
225,395,M:,會
225,395,M:,有
225,395,M:,(.)
225,395,M:,可以
225,395,M:,預
225,395,M:,—
225,396,M:,(.)
225,396,M:,預期
225,396,M:,","
225,397,M:,(.)
225,397,M:,不
225,397,M:,可
225,397,M:,預期
225,397,M:,的
225,397,M:,事情
225,397,M:,出現
225,397,M:,這樣
225,397,M:,","
226,398,F:,(...)
226,398,F:,喔
226,398,F:,@@
226,398,F:,.
227,399,M:,(...)
227,399,M:,對
227,399,M:,.
228,400,F:,(.)
228,400,F:,好
228,400,F:,啊
228,400,F:,","
229,401,M:,(...)
229,401,M:,然後
229,401,M:,還要
229,401,M:,","
229,402,M:,(.)
229,402,M:,又
229,402,M:,要
229,402,M:,—
229,403,M:,應付
229,403,M:,那種
229,403,M:,","
229,404,M:,(.)
229,404,M:,老闆
229,404,M:,","
229,405,M:,(...)
229,405,M:,突然
229,405,M:,出現
229,405,M:,在
229,405,M:,實驗室
229,405,M:,說
229,405,M:,","
229,406,M:,(...)
229,406,M:,ei
229,406,M:,?
229,407,M:,(.)
229,407,M:,##
229,407,M:,(.)
229,407,M:,你
229,407,M:,怎麼
229,407,M:,在
229,407,M:,","
229,408,M:,(...)
229,408,M:,實驗室
229,408,M:,","
229,409,M:,(.)
229,409,M:,去
229,409,M:,我
229,409,M:,辦公室
229,409,M:,談
229,409,M:,一下
229,409,M:,這樣
229,409,M:,.
230,410,F:,(...)
230,410,F:,@@@=
231,411,M:,(...)
231,411,M:,真的
231,411,M:,很
231,411,M:,<L3
231,411,M:,bei
231,411,M:,lan
231,411,M:,((爛))
231,411,M:,L3>
231,411,M:,.
232,412,F:,(...)
232,412,F:,不錯
232,412,F:,啊
232,412,F:,?
232,413,F:,(.)
232,413,F:,代表
232,413,F:,老闆
232,413,F:,喜歡
232,413,F:,你
232,413,F:,啊
232,413,F:,?
233,414,M:,(...)
233,414,M:,那
233,414,M:,是
233,414,M:,因為
233,414,M:,我們
233,414,M:,實驗室
233,414,M:,新
233,414,M:,來
233,414,M:,一
233,414,M:,個
233,414,M:,","
233,415,M:,(.)
233,415,M:,泰國人
233,415,M:,.
234,416,F:,(...)
234,416,F:,ha
234,416,F:,?
235,417,M:,(.)
235,417,M:,我們
235,417,M:,實驗室
235,417,M:,新
235,417,M:,來
235,417,M:,一
235,417,M:,個
235,417,M:,","
235,418,M:,(...)
235,418,M:,就是
235,418,M:,<L2
235,418,M:,po-
235,418,M:,L2>
235,418,M:,—
235,419,M:,(...)
235,419,M:,[那
235,419,M:,個
235,419,M:,<L3
235,419,M:,post
235,419,M:,doc]
235,419,M:,L3>
235,419,M:,","
236,420,F:,[我
236,420,F:,以為
236,420,F:,是
236,420,F:,你
236,420,F:,耶]
236,420,F:,@@=
236,420,F:,.
237,421,M:,(.)
237,421,M:,就是
237,421,M:,泰國人
237,421,M:,.
237,422,M:,(.)
237,422,M:,[2我
237,422,M:,到
237,422,M:,現在
237,422,M:,還
237,422,M:,不
237,422,M:,會]
237,422,M:,唸
237,422,M:,他
237,422,M:,的
237,422,M:,名字
237,422,M:,","
238,423,F:,[2@@@=]
237,424,M:,(.)
237,424,M:,[妳
237,424,M:,知道
237,424,M:,嗎]
237,424,M:,","
240,425,F:,[@@@]
240,426,F:,(.)
240,426,F:,我
240,426,F:,以為
240,426,F:,是
240,426,F:,你
240,426,F:,老闆
240,426,F:,覺得
240,426,F:,你
240,426,F:,是
240,426,F:,","
240,427,F:,(...)
240,427,F:,實驗室
240,427,F:,新
240,427,F:,來
240,427,F:,的
240,427,F:,泰國人
240,427,F:,","
240,428,F:,(...)
240,428,F:,有
240,428,F:,像
240,428,F:,好不好
240,428,F:,@@=
240,428,F:,—
241,429,M:,(.)
241,429,M:,@@=
241,430,M:,(.)
241,430,M:,是
241,430,M:,像
241,430,M:,在
241,430,M:,哪
241,430,M:,啊
241,430,M:,—
242,431,F:,(.)
242,431,F:,eh
242,431,F:,.
242,432,F:,我
242,432,F:,今天
242,432,F:,","
242,433,F:,(.)
242,433,F:,就是
242,433,F:,—
242,434,F:,(.)
242,434,F:,我
242,434,F:,最近
242,434,F:,在
242,434,F:,看
242,434,F:,一
242,434,F:,個
242,434,F:,日劇
242,434,F:,","
242,435,F:,(.)
242,435,F:,然後
242,435,F:,他
242,435,F:,就是
242,435,F:,","
242,436,F:,(.)
242,436,F:,那
242,436,F:,個
242,436,F:,","
242,437,F:,(...)
242,437,F:,演
242,437,F:,泰
242,437,F:,(.)
242,437,F:,日
242,437,F:,混血兒
242,438,F:,(.)
242,438,F:,然後
242,438,F:,在
242,438,F:,日本
242,438,F:,.
242,439,F:,(.)
242,439,F:,然後
242,439,F:,他
242,439,F:,就是
242,439,F:,","
243,440,M:,(.)
243,440,M:,達比修
243,440,M:,友
243,440,M:,就是
243,440,M:,泰日
243,440,M:,混血兒
243,440,M:,好不好
243,440,M:,.
244,441,F:,(...)
244,441,F:,不
244,441,F:,知道
244,441,F:,他
244,441,F:,是
244,441,F:,誰
244,441,F:,.
244,442,F:,(.)
244,442,F:,好像
244,442,F:,是
244,442,F:,松本
244,442,F:,潤
244,442,F:,演
244,442,F:,的
244,442,F:,.
245,443,M:,(...)
245,443,M:,然後
245,443,M:,咧
245,443,M:,.
246,444,F:,(.)
246,444,F:,然後
246,444,F:,?
246,445,F:,(.)
246,445,F:,就
246,445,F:,跟
246,445,F:,你
246,445,F:,現在
246,445,F:,的
246,445,F:,這
246,445,F:,一身
246,445,F:,打扮
246,445,F:,很
246,445,F:,像
246,445,F:,啊
246,445,F:,.
246,446,F:,(...)
246,446,F:,就
246,446,F:,頭髮
246,446,F:,長長
246,446,F:,(.)
246,446,F:,皮膚
246,446,F:,黑黑
246,446,F:,的
246,446,F:,","
247,447,M:,(.)
247,447,M:,我
247,447,M:,哪
247,447,M:,有
247,447,M:,皮膚
247,447,M:,黑黑
247,447,M:,的
247,447,M:,啊
247,447,M:,@
247,447,M:,.
248,448,F:,(...)
248,448,F:,@@
248,448,F:,你
248,448,F:,沒有
248,448,F:,嗎
248,448,F:,?
249,449,M:,(...)
249,449,M:,拜託
249,449,M:,(.)
249,449,M:,那
249,449,M:,妳
249,449,M:,沒有
249,449,M:,看過
249,449,M:,皮膚
249,449,M:,黑黑
249,449,M:,的
249,449,M:,好不好
249,449,M:,.
249,450,M:,(.)
249,450,M:,我們
249,450,M:,—
249,451,M:,(.)
249,451,M:,那
249,451,M:,個
249,451,M:,隔壁
249,451,M:,實驗室
249,451,M:,那
249,451,M:,個
249,451,M:,衣索比亞人
249,451,M:,","
249,452,M:,(.)
249,452,M:,超
249,452,M:,黑
249,452,M:,","
250,453,F:,(.)
250,453,F:,衣索比亞人
250,453,F:,[@=]
250,453,F:,","
251,454,M:,[@=]
252,455,F:,(.)
252,455,F:,你
252,455,F:,要
252,455,F:,跟
252,455,F:,衣索比亞人
252,455,F:,比
252,455,F:,[2幹嘛
252,455,F:,@=]
252,455,F:,","
253,456,M:,[2@]
253,456,M:,他
253,456,M:,今天
253,456,M:,來
253,456,M:,","
253,457,M:,(.)
253,457,M:,他
253,457,M:,就
253,457,M:,","
253,458,M:,(.)
253,458,M:,[ei]
253,458,M:,?
254,459,F:,[他]
254,459,F:,是
254,459,F:,衣索比亞人
254,459,F:,ei
254,459,F:,.
254,460,F:,(.)
254,460,F:,他
254,460,F:,是
254,460,F:,黑人
254,460,F:,ei
254,460,F:,.
254,461,F:,(.)
254,461,F:,[2你
254,461,F:,是]
254,461,F:,黃種人
254,461,F:,ei
254,461,F:,.
255,462,M:,[2然後
255,462,M:,重]
255,462,M:,","
256,463,M:,(.)
256,463,M:,就
256,463,M:,也
256,463,M:,是
256,463,M:,他
256,463,M:,—
256,464,M:,(.)
256,464,M:,就是
256,464,M:,他
256,464,M:,在
256,464,M:,說
256,464,M:,那
256,464,M:,個
256,464,M:,###
256,464,M:,啊
256,464,M:,","
256,465,M:,[然後]
256,465,M:,—
256,466,F:,mhm
256,466,F:,","
256,467,M:,meeting
256,467,M:,","
256,468,M:,就
256,468,M:,他
256,468,M:,説
256,468,M:,","
256,469,M:,(.)
256,469,M:,他
256,469,M:,自我
256,469,M:,","
256,470,M:,(.)
256,470,M:,他
256,470,M:,在
256,470,M:,自我
256,470,M:,介紹
256,470,M:,說
256,470,M:,","
256,471,M:,(.)
256,471,M:,他
256,471,M:,是
256,471,M:,衣索比亞人
256,471,M:,的
256,471,M:,時候
256,471,M:,我們
256,471,M:,同學
256,471,M:,在
256,471,M:,底下
256,471,M:,問
256,471,M:,說
256,471,M:,","
256,472,M:,(.)
256,472,M:,所以
256,472,M:,他
256,472,M:,會
256,472,M:,","
256,473,M:,(.)
256,473,M:,他
256,473,M:,平常
256,473,M:,常常
256,473,M:,肚子
256,473,M:,餓
256,473,M:,嗎
256,473,M:,.
256,474,M:,(.)
256,474,M:,[@=]
257,475,F:,[@=]
257,476,F:,(.)
257,476,F:,@@@
258,477,M:,(.)
258,477,M:,喔
258,477,M:,最
258,477,M:,靠
258,477,M:,","
258,478,M:,(.)
258,478,M:,我
258,478,M:,覺得
258,478,M:,那
258,478,M:,個
258,478,M:,","
258,479,M:,(...)
258,479,M:,新來
258,479,M:,的
258,479,M:,那
258,479,M:,個
258,479,M:,泰國人
258,479,M:,","
258,480,M:,(.)
258,480,M:,真的
258,480,M:,","
258,481,M:,(...)
258,481,M:,TSK
259,482,F:,(.)
259,482,F:,怎樣
259,482,F:,","
260,483,M:,(.)
260,483,M:,不
260,483,M:,知道
260,483,M:,說
260,483,M:,麼
260,483,M:,.
260,484,M:,(.)
260,484,M:,就
260,484,M:,他
260,484,M:,","
260,485,M:,(.)
260,485,M:,第一
260,485,M:,天
260,485,M:,來
260,485,M:,啊
260,485,M:,.
260,486,M:,(...)
260,486,M:,然後
260,486,M:,","
260,487,M:,(...)
260,487,M:,那
260,487,M:,個
260,487,M:,什麼
260,487,M:,(.)
260,487,M:,學姐
260,487,M:,就
260,487,M:,叫
260,487,M:,我
260,487,M:,","
260,488,M:,(.)
260,488,M:,就是
260,488,M:,","
260,489,M:,(.)
260,489,M:,學姐
260,489,M:,本來
260,489,M:,在
260,489,M:,跟
260,489,M:,他
260,489,M:,介紹
260,489,M:,實驗室
260,489,M:,.
261,490,F:,(.)
261,490,F:,um
261,490,F:,.
262,491,M:,(...)
262,491,M:,然後
262,491,M:,學姐
262,491,M:,講
262,491,M:,一
262,491,M:,講
262,491,M:,講
262,491,M:,一
262,491,M:,講
262,491,M:,","
262,492,M:,(...)
262,492,M:,然後
262,492,M:,就
262,492,M:,","
262,493,M:,(.)
262,493,M:,我
262,493,M:,就
262,493,M:,","
262,494,M:,(.)
262,494,M:,我
262,494,M:,就
262,494,M:,到
262,494,M:,實驗室
262,494,M:,.
262,495,M:,(.)
262,495,M:,然後
262,495,M:,她
262,495,M:,就
262,495,M:,說
262,495,M:,(.)
262,495,M:,喔
262,495,M:,喔
262,495,M:,喔
262,495,M:,","
262,496,M:,(...)
262,496,M:,你
262,496,M:,—
262,497,M:,(.)
262,497,M:,你
262,497,M:,英文
262,497,M:,比較
262,497,M:,好
262,497,M:,","
262,498,M:,(.)
262,498,M:,你
262,498,M:,跟
262,498,M:,他
262,498,M:,講
263,499,F:,(.)
263,499,F:,um
263,499,F:,.
264,500,M:,(...)
264,500,M:,我
264,500,M:,就
264,500,M:,跟
264,500,M:,他
264,500,M:,講
264,500,M:,.
265,501,F:,(...)
265,501,F:,um
265,501,F:,","
266,502,M:,(...)
266,502,M:,然後
266,502,M:,講
266,502,M:,完
266,502,M:,之後
266,502,M:,","
266,503,M:,(...)
266,503,M:,然後
266,503,M:,下午
266,503,M:,<L3
266,503,M:,meeting
266,503,M:,L3>
266,503,M:,.
267,504,F:,(...)
267,504,F:,um
267,504,F:,.
268,505,M:,(...)
268,505,M:,下午
268,505,M:,<L3
268,505,M:,meeting
268,505,M:,L3>
268,505,M:,的
268,505,M:,時候
268,505,M:,","
268,506,M:,(...)
268,506,M:,他
268,506,M:,用
268,506,M:,[中文
268,506,M:,自我
268,506,M:,介紹]
268,506,M:,","
269,507,F:,[中文
269,507,F:,<L3
269,507,F:,present
269,507,F:,L3>]
269,507,F:,.
269,508,F:,(.)
269,508,F:,@@@=
270,509,M:,(.)
270,509,M:,@@[2@]
271,510,F:,[2@]@@
271,510,F:,是
271,510,F:,你們
271,510,F:,自己
271,510,F:,不
271,510,F:,跟
271,510,F:,人家
271,510,F:,講
271,510,F:,中文
271,510,F:,的
271,510,F:,啊
271,510,F:,.
272,511,M:,(.)
272,511,M:,然後
272,511,M:,就
272,511,M:,—
273,512,F:,(...)
273,512,F:,說不定
273,512,F:,他
273,512,F:,是
273,512,F:,泰
273,512,F:,—
273,513,F:,(...)
273,513,F:,泰台
273,513,F:,[混血]
273,513,F:,啊
273,513,F:,.
274,514,M:,[@@]
275,515,M:,(.)
275,515,M:,TSK
275,516,M:,(.)
275,516,M:,不
275,516,M:,—
275,517,M:,(.)
275,517,M:,不
275,517,M:,是
275,517,M:,啊
275,517,M:,?
275,518,M:,(...)
275,518,M:,就
275,518,M:,—
275,519,M:,(...)
275,519,M:,嘖
275,520,M:,(.)
275,520,M:,看
275,520,M:,我
275,520,M:,(.)
275,520,M:,講
275,520,M:,得
275,520,M:,那
275,520,M:,個
275,520,M:,樣子
275,520,M:,","
275,521,M:,(.)
275,521,M:,他
275,521,M:,不
275,521,M:,能
275,521,M:,就是
275,521,M:,說
275,521,M:,","
275,522,M:,(...)
275,522,M:,其實
275,522,M:,我
275,522,M:,聽
275,522,M:,得
275,522,M:,懂
275,522,M:,中文
275,522,M:,","
275,523,M:,(...)
275,523,M:,TSK
275,523,M:,","
275,524,M:,(...)
275,524,M:,[2這樣
275,524,M:,—
275,525,M:,(.)
275,525,M:,這樣
275,525,M:,很
275,525,M:,貼心
275,525,M:,嘛2]
275,525,M:,.
276,526,F:,[2ei
276,527,F:,(.)
276,527,F:,他
276,527,F:,怕
276,527,F:,就是
276,527,F:,","
276,528,F:,(.)
276,528,F:,他2]
276,528,F:,怕
276,528,F:,你
276,528,F:,","
276,529,F:,(.)
276,529,F:,就是
276,529,F:,","
276,530,F:,(...)
276,530,F:,精心
276,530,F:,準備
276,530,F:,了
276,530,F:,這
276,530,F:,一
276,530,F:,套
276,530,F:,","
276,531,F:,(.)
276,531,F:,就是
276,531,F:,要
276,531,F:,<L3
276,531,F:,introduce
276,531,F:,L3>
276,531,F:,你
276,531,F:,的
276,531,F:,實驗室
276,531,F:,的
276,531,F:,.
276,532,F:,(...)
276,532,F:,然後
276,532,F:,怕
276,532,F:,打斷
276,532,F:,你
276,532,F:,會
276,532,F:,不好[意思]
276,532,F:,.
277,533,M:,[我
277,533,M:,<#
277,533,M:,那天
277,533,M:,#>]
277,533,M:,","
277,534,M:,(.)
277,534,M:,我
277,534,M:,<#
277,534,M:,真的
277,534,M:,#>
277,534,M:,想
277,534,M:,把
277,534,M:,他
277,534,M:,殺掉
277,534,M:,.
278,535,F:,(...)
278,535,F:,他
278,535,F:,可能
278,535,F:,就是
278,535,F:,—
278,536,F:,(...)
278,536,F:,不
278,536,F:,了解
278,536,F:,台灣
278,536,F:,的
278,536,F:,文化
278,536,F:,啊
278,536,F:,.
278,537,F:,(...)
278,537,F:,所以
278,537,F:,就
278,537,F:,不好意思
278,537,F:,打斷
278,537,F:,你
278,537,F:,.
279,538,M:,(...)
279,538,M:,TSK
279,538,M:,","
279,539,M:,(.)
279,539,M:,真
279,539,M:,不
279,539,M:,知道
279,539,M:,說
279,539,M:,什麼
279,539,M:,","
279,540,M:,(.)
279,540,M:,@@
279,541,M:,(.)
279,541,M:,@@
279,542,M:,(...).
279,542,M:,而且
279,542,M:,我
279,542,M:,到
279,542,M:,現在
279,542,M:,還
279,542,M:,是
279,542,M:,不
279,542,M:,會
279,542,M:,唸
279,542,M:,他
279,542,M:,的
279,542,M:,[2名字]
279,542,M:,.
280,543,F:,[2@@=]
281,544,M:,(.)
281,544,M:,因為
281,544,M:,他
281,544,M:,寫
281,544,M:,","
281,545,M:,(.)
281,545,M:,就
281,545,M:,他
281,545,M:,xi-
281,545,M:,他
281,545,M:,寫
281,545,M:,那
281,545,M:,個
281,545,M:,名字
281,545,M:,啊
281,545,M:,","
281,546,M:,(.)
281,546,M:,喔
281,546,M:,","
281,547,M:,(.)
281,547,M:,不
281,547,M:,會
281,547,M:,唸
281,547,M:,.
282,548,F:,(.)
282,548,F:,喔
282,548,F:,.
283,549,M:,(.)
283,549,M:,超
283,549,M:,奇怪
283,549,M:,的
283,549,M:,.
284,550,F:,(.)
284,550,F:,喔
284,550,F:,.
285,551,M:,(.)
285,551,M:,嗯
285,551,M:,","
285,552,M:,(.)
285,552,M:,什麼
285,552,M:,<L2
285,552,M:,a
285,552,M:,L2>
285,552,M:,什麼
285,552,M:,的
285,552,M:,","
285,553,M:,(.)
285,553,M:,我
285,553,M:,不
285,553,M:,知道
285,553,M:,怎麼
285,553,M:,唸
285,553,M:,.
285,554,M:,(.)
285,554,M:,##
286,555,F:,(...)
286,555,F:,哦
286,555,F:,.
286,556,F:,(...)
286,556,F:,泰國人
286,556,F:,.
287,557,M:,(.)
287,557,M:,對
287,557,M:,啊
287,557,M:,.
288,558,F:,(...)
288,558,F:,TSK
288,559,F:,(...)
288,559,F:,不
288,559,F:,錯
288,559,F:,耶
288,559,F:,.
288,560,F:,(...)
288,560,F:,很
288,560,F:,有
288,560,F:,潛力
288,560,F:,.
289,561,M:,(...)
289,561,M:,不
289,561,M:,知道
289,561,M:,耶
289,561,M:,.
290,562,F:,(...)
290,562,F:,明天
290,562,F:,我
290,562,F:,還
290,562,F:,要
290,562,F:,去
290,562,F:,新竹
290,562,F:,什麼
290,562,F:,綠世界
290,562,F:,.
290,563,F:,(.)
290,563,F:,到底
290,563,F:,要
290,563,F:,走
290,563,F:,多久
290,563,F:,.
290,564,F:,(.)
290,564,F:,先
290,564,F:,看
290,564,F:,一下
290,564,F:,.
291,565,M:,(...)
291,565,M:,@=
291,565,M:,好好
291,565,M:,一
291,565,M:,個
291,565,M:,週末
291,565,M:,.
292,566,F:,(...)
292,566,F:,阿
292,566,F:,","
292,567,F:,綠世界
292,567,F:,","
292,568,F:,(...)
292,568,F:,九點
292,568,F:,半
292,568,F:,","
292,569,F:,(...)
292,569,F:,到
292,569,F:,","
292,570,F:,(.)
292,570,F:,十二點
292,570,F:,半
292,570,F:,.
292,571,F:,(...)
292,571,F:,怎麼
292,571,F:,那麼
292,571,F:,久
292,571,F:,喔
292,571,F:,","
293,572,M:,(.)
293,572,M:,聽起來
293,572,M:,好像
293,572,M:,很
293,572,M:,棒
293,572,M:,耶[@@@]
293,572,M:,.
294,573,F:,[還
294,573,F:,有
294,573,F:,動物
294,573,F:,劇場]
294,573,F:,eh
294,573,F:,.
294,574,F:,(...)
294,574,F:,@@
294,575,F:,(.)
294,575,F:,想想
294,575,F:,看
294,575,F:,裡面
294,575,F:,會
294,575,F:,有
294,575,F:,什麼
294,575,F:,動物
294,575,F:,呢
294,575,F:,","
294,576,F:,(...)
294,576,F:,他
294,576,F:,會不會
294,576,F:,就是
294,576,F:,把
294,576,F:,電燈
294,576,F:,關掉
294,576,F:,","
294,577,F:,(.)
294,577,F:,然後
294,577,F:,一下
294,577,F:,這裡
294,577,F:,亮
294,577,F:,","
294,578,F:,(.)
294,578,F:,一下
294,578,F:,那裡
294,578,F:,亮
294,578,F:,","
294,579,F:,(.)
294,579,F:,然後
294,579,F:,之後
294,579,F:,叫
294,579,F:,大家
294,579,F:,猜
294,579,F:,說
294,579,F:,是
294,579,F:,什麼
294,579,F:,動物
294,579,F:,[2之類
294,579,F:,的]
294,579,F:,","
295,580,M:,[2免錢
295,580,M:,我]
295,580,M:,也
295,580,M:,不
295,580,M:,去
295,580,M:,.
295,581,M:,(.)
295,581,M:,我
295,581,M:,寧願
295,581,M:,在家
295,581,M:,睡覺
295,581,M:,.
295,582,M:,(.)
295,582,M:,@@
296,583,F:,(.)
296,583,F:,ho
296,583,F:,.
296,584,F:,(.)
296,584,F:,我
296,584,F:,也
296,584,F:,想
296,584,F:,啊
296,584,F:,?
297,585,M:,(...)
297,585,M:,不
297,585,M:,去
297,585,M:,會
297,585,M:,怎樣
297,585,M:,嗎
297,585,M:,","
298,586,F:,(...)
298,586,F:,不
298,586,F:,行
298,586,F:,","
298,587,F:,(.)
298,587,F:,一定
298,587,F:,要
298,587,F:,去
298,587,F:,.
299,588,M:,(...)
299,588,M:,是
299,588,M:,喔
299,588,M:,.
300,589,F:,(.)
300,589,F:,對
300,589,F:,啊
300,589,F:,.
300,590,F:,(.)
300,590,F:,這
300,590,F:,是
300,590,F:,規定
300,590,F:,.
301,591,M:,(...)
301,591,M:,@=
301,591,M:,真
301,591,M:,不
301,591,M:,知道
301,591,M:,怎麼
301,591,M:,同情
301,591,M:,妳
301,591,M:,@@
301,591,M:,.
302,592,F:,(.)
302,592,F:,對
302,592,F:,啊
302,592,F:,","
302,593,F:,(.)
302,593,F:,好
302,593,F:,好
302,593,F:,一
302,593,F:,個
302,593,F:,週末
302,593,F:,.
303,594,M:,(.)
303,594,M:,還有
303,594,M:,活動
303,594,M:,準備
303,594,M:,時段
303,594,M:,.
304,595,F:,(...)
304,595,F:,[對
304,595,F:,啊]
304,595,F:,.
305,596,M:,[####]
305,596,M:,","
305,597,M:,(...)
305,597,M:,那
305,597,M:,天
305,597,M:,活動
305,597,M:,","
306,598,F:,(.)
306,598,F:,因為
306,598,F:,我
306,598,F:,同
306,598,F:,—
306,599,F:,(.)
306,599,F:,就是
306,599,F:,我們
306,599,F:,有
306,599,F:,同事
306,599,F:,要
306,599,F:,—
306,600,F:,(...)
306,600,F:,就是
306,600,F:,","
306,601,F:,(...)
306,601,F:,男
306,601,F:,扮
306,601,F:,女
306,601,F:,裝
306,601,F:,","
306,602,F:,(.)
306,602,F:,慧
306,602,F:,跟
306,602,F:,華
306,602,F:,.
307,603,M:,(...)
307,603,M:,真的
307,603,M:,喔
307,603,M:,.
308,604,F:,(...)
308,604,F:,對
308,604,F:,.
308,605,F:,(.)
308,605,F:,然後
308,605,F:,還
308,605,F:,有
308,605,F:,男生
308,605,F:,.
308,606,F:,(.)
308,606,F:,超
308,606,F:,大
308,606,F:,一
308,606,F:,隻
308,606,F:,的
308,606,F:,.
308,607,F:,(...)
308,607,F:,很
308,607,F:,黑
308,607,F:,.
308,608,F:,(...)
308,608,F:,長
308,608,F:,得
308,608,F:,很
308,608,F:,像
308,608,F:,台灣
308,608,F:,黑熊
308,608,F:,.
308,609,F:,(.)
308,609,F:,然後
308,609,F:,他
308,609,F:,要
308,609,F:,表演
308,609,F:,什麼
308,609,F:,你
308,609,F:,知道
308,609,F:,嗎
308,609,F:,?
308,610,F:,(...)
308,610,F:,瑪麗蓮
308,610,F:,夢露
308,610,F:,.
308,611,F:,(...)
308,611,F:,超
308,611,F:,噁心
308,611,F:,的
308,611,F:,.
308,612,F:,(...)
308,612,F:,他
308,612,F:,那天
308,612,F:,帶
308,612,F:,假髮
308,612,F:,(.)
308,612,F:,還
308,612,F:,有
308,612,F:,穿
308,612,F:,那
308,612,F:,個
308,612,F:,裙子
308,612,F:,.
308,613,F:,(...)
308,613,F:,然後
308,613,F:,跳舞
308,613,F:,跳
308,613,F:,到
308,613,F:,一半
308,613,F:,(.)
308,613,F:,那
308,613,F:,個
308,613,F:,衛生紙
308,613,F:,會跑
308,613,F:,出來
308,613,F:,@@@
308,613,F:,","
309,614,M:,(.)
309,614,M:,@@
309,614,M:,<#
309,614,M:,一定
309,614,M:,#>
309,614,M:,要
309,614,M:,那麼
309,614,M:,難
309,614,M:,賺
309,614,M:,就
309,614,M:,對
309,614,M:,了
309,614,M:,[2@@=]
309,614,M:,.
310,615,F:,[2@@@]
310,616,F:,(.)
310,616,F:,@@=
310,616,F:,然後
310,616,F:,還
310,616,F:,有
310,616,F:,另外
310,616,F:,一
310,616,F:,個
310,616,F:,同事
310,616,F:,(.)
310,616,F:,就是
311,617,M:,(.)
311,617,M:,@@
312,618,F:,(.)
312,618,F:,他們
312,618,F:,那
312,618,F:,一
312,618,F:,組
312,618,F:,要
312,618,F:,表演
312,618,F:,舞孃
312,618,F:,","
312,619,F:,(.)
312,619,F:,然後
312,619,F:,他
312,619,F:,要
312,619,F:,男
312,619,F:,扮
312,619,F:,","
312,620,F:,(.)
312,620,F:,男
312,620,F:,扮
312,620,F:,女
312,620,F:,裝
312,620,F:,","
312,621,F:,(.)
312,621,F:,然後
312,621,F:,表演
312,621,F:,舞孃
312,621,F:,.
312,622,F:,(.)
312,622,F:,然後
312,622,F:,還
312,622,F:,要
312,622,F:,穿
312,622,F:,那
312,622,F:,個
312,622,F:,","
312,623,F:,(...)
312,623,F:,就是
312,623,F:,內搭褲
312,623,F:,.
313,624,M:,(.)
313,624,M:,國中
313,624,M:,還
313,624,M:,不
313,624,M:,就是
313,624,M:,—
314,625,F:,(...)
314,625,F:,@
314,626,F:,(.)
314,626,F:,要
314,626,F:,穿
314,626,F:,內搭褲
314,626,F:,.
314,627,F:,(.)
314,627,F:,一
314,627,F:,個
314,627,F:,好
314,627,F:,好
314,627,F:,的
314,627,F:,[男生]
314,627,F:,.
315,628,M:,[高中]
315,628,M:,還
315,628,M:,是
315,628,M:,不
315,628,M:,被
315,628,M:,我們
315,628,M:,班
315,628,M:,害
315,628,M:,","
316,629,F:,(.)
316,629,F:,還
316,629,F:,要
316,629,F:,穿
316,629,F:,內搭褲
316,629,F:,耶
316,629,F:,.
316,630,F:,(.)
316,630,F:,你
316,630,F:,不
316,630,F:,覺得
316,630,F:,很
316,630,F:,噁心
316,630,F:,嗎
316,630,F:,?
316,631,F:,(...)
316,631,F:,下面
316,631,F:,還
316,631,F:,有
316,631,F:,蕾絲
316,631,F:,","
316,632,F:,(.)
316,632,F:,@
316,633,F:,(.)
316,633,F:,然後
316,633,F:,上面
316,633,F:,要
316,633,F:,上空
316,633,F:,","
316,634,F:,(.)
316,634,F:,然後
316,634,F:,跳
316,634,F:,舞孃
316,634,F:,耶
316,634,F:,.
316,635,F:,(...)
316,635,F:,舞孃
316,635,F:,耶
316,635,F:,.
317,636,M:,(...)
317,636,M:,他
317,636,M:,會不會
317,636,M:,明天
317,636,M:,就
317,636,M:,離職
317,636,M:,了
317,636,M:,.
318,637,F:,(...)
318,637,F:,@@
318,638,F:,(...)
318,638,F:,一
318,638,F:,整
318,638,F:,個
318,638,F:,就
318,638,F:,","
318,639,F:,(.)
318,639,F:,哇
318,639,F:,","
318,640,F:,(.)
318,640,F:,好
318,640,F:,可憐
318,640,F:,喔
318,640,F:,.
319,641,M:,(...)
319,641,M:,大概
319,641,M:,讀
319,641,M:,物治
319,641,M:,的
319,641,M:,都
319,641,M:,是
319,641,M:,gay
319,641,M:,吧
319,641,M:,.
319,642,M:,(.)
319,642,M:,應該
319,642,M:,可以
319,642,M:,接受
319,642,M:,.
320,643,F:,(...)
320,643,F:,不是
320,643,F:,.
321,644,M:,(...)
321,644,M:,<#
321,644,M:,我
321,644,M:,不
321,644,M:,知道
321,644,M:,我
321,644,M:,約
321,644,M:,#>
321,644,M:,上次
321,644,M:,你
321,644,M:,來
321,644,M:,的
321,644,M:,那
321,644,M:,","
321,645,M:,(.)
321,645,M:,那
321,645,M:,三
321,645,M:,個
321,645,M:,","
322,646,F:,(.)
322,646,F:,eh
322,646,F:,(.)
322,646,F:,就是
322,646,F:,","
322,647,F:,(...)
322,647,F:,那
322,647,F:,一
322,647,F:,個
322,647,F:,","
322,648,F:,(.)
322,648,F:,比較
322,648,F:,矮
322,648,F:,的
322,648,F:,那
322,648,F:,個
322,648,F:,.
322,649,F:,(.)
322,649,F:,他
322,649,F:,要
322,649,F:,—
322,650,F:,(.)
322,650,F:,就是
322,650,F:,","
322,651,F:,(.)
322,651,F:,跳
322,651,F:,舞孃
322,651,F:,","
323,652,M:,(.)
323,652,M:,他
323,652,M:,不
323,652,M:,是
323,652,M:,gay
323,652,M:,啊
323,652,M:,?
324,653,F:,(.)
324,653,F:,他
324,653,F:,不
324,653,F:,是
324,653,F:,啦
324,653,F:,.
325,654,M:,(.)
325,654,M:,喔
325,654,M:,","
325,655,M:,(.)
325,655,M:,可是
325,655,M:,他
325,655,M:,超
325,655,M:,像
325,655,M:,gay
325,655,M:,的
325,655,M:,.
325,656,M:,(...)
325,656,M:,看
325,656,M:,那
325,656,M:,死
325,656,M:,gay
325,656,M:,砲
325,656,M:,.
326,657,F:,(...)
326,657,F:,他
326,657,F:,又
326,657,F:,沒有
326,657,F:,很
326,657,F:,帥
326,657,F:,.
327,658,M:,(...)
327,658,M:,嗯
327,658,M:,?
328,659,F:,(.)
328,659,F:,我
328,659,F:,說
328,659,F:,他
328,659,F:,長
328,659,F:,得
328,659,F:,又
328,659,F:,不
328,659,F:,帥
328,659,F:,.
329,660,M:,(...)
329,660,M:,TSK
329,661,M:,(.)
329,661,M:,他
329,661,M:,就是
329,661,M:,那種
329,661,M:,","
329,662,M:,(.)
329,662,M:,TSK
329,663,M:,(.)
329,663,M:,[2不帥
329,663,M:,的
329,663,M:,那種
329,663,M:,gay
329,663,M:,啊]
329,663,M:,.
330,664,F:,[2他
330,664,F:,只是
330,664,F:,婆婆媽媽]
330,664,F:,而已
330,664,F:,啊
330,664,F:,.
331,665,M:,(...)
331,665,M:,而且
331,665,M:,他
331,665,M:,zhi-
331,665,M:,—
331,666,M:,(.)
331,666,M:,我
331,666,M:,覺得
331,666,M:,他
331,666,M:,很
331,666,M:,煩
331,666,M:,.
332,667,F:,(.)
332,667,F:,他
332,667,F:,真的
332,667,F:,很
332,667,F:,煩
332,667,F:,啊
332,667,F:,","
332,668,F:,(.)
332,668,F:,他
332,668,F:,現在
332,668,F:,每天
332,668,F:,在
332,668,F:,—
332,669,F:,(.)
332,669,F:,就是
332,669,F:,","
332,670,F:,(.)
332,670,F:,辦公室
332,670,F:,都
332,670,F:,會
332,670,F:,被
332,670,F:,所有
332,670,F:,的
332,670,F:,人
332,670,F:,嗆
332,670,F:,.
332,671,F:,(...)
332,671,F:,他
332,671,F:,只要
332,671,F:,講
332,671,F:,一
332,671,F:,句
332,671,F:,話
332,671,F:,(.)
332,671,F:,然後
332,671,F:,就
332,671,F:,有
332,671,F:,兩
332,671,F:,三
332,671,F:,個
332,671,F:,人
332,671,F:,回嗆
332,671,F:,他
332,671,F:,.
332,672,F:,(...)
332,672,F:,你
332,672,F:,就
332,672,F:,知道
332,672,F:,他
332,672,F:,的
332,672,F:,那
332,672,F:,一
332,672,F:,個
332,672,F:,","
332,673,F:,(...)
332,673,F:,人緣
332,673,F:,就是
332,673,F:,—
333,674,M:,(.)
333,674,M:,是
333,674,M:,是
333,674,M:,.
334,675,F:,(...)
334,675,F:,對
334,675,F:,.
334,676,F:,(.)
334,676,F:,然後
334,676,F:,他
334,676,F:,也
334,676,F:,是
334,676,F:,","
334,677,F:,(.)
334,677,F:,就是
334,677,F:,那
334,677,F:,個
334,677,F:,","
334,678,F:,(.)
334,678,F:,就是
334,678,F:,","
334,679,F:,(.)
334,679,F:,莫名其妙
334,679,F:,被
334,679,F:,阿姨
334,679,F:,討厭
334,679,F:,的
334,679,F:,","
334,680,F:,(...)
334,680,F:,治療師
334,680,F:,[@@@]
334,680,F:,.
335,681,M:,[@=]
336,682,F:,(.)
336,682,F:,然後
336,682,F:,我們
336,682,F:,今天
336,682,F:,就
336,682,F:,說
336,682,F:,","
336,683,F:,(...)
336,683,F:,就是
336,683,F:,今天
336,683,F:,那
336,683,F:,個
336,683,F:,阿姨
336,683,F:,###
336,683,F:,","
336,684,F:,(.)
336,684,F:,然後
336,684,F:,我們
336,684,F:,所有
336,684,F:,人
336,684,F:,都
336,684,F:,讓開
336,684,F:,","
336,685,F:,(.)
336,685,F:,然後
336,685,F:,讓
336,685,F:,他
336,685,F:,去
336,685,F:,<#
336,685,F:,拆
336,685,F:,#>
336,685,F:,[2@@=]
336,685,F:,.
337,686,M:,[2@@@]
337,687,M:,(.)
337,687,M:,你們
337,687,M:,超
337,687,M:,壞
337,687,M:,耶
337,687,M:,.
338,688,F:,(.)
338,688,F:,沒有
338,688,F:,—
338,689,F:,(.)
338,689,F:,可是
338,689,F:,重點
338,689,F:,是
338,689,F:,呢
338,689,F:,","
338,690,F:,(.)
338,690,F:,他
338,690,F:,後來
338,690,F:,就
338,690,F:,跟
338,690,F:,阿姨
338,690,F:,","
338,691,F:,(.)
338,691,F:,就是
338,691,F:,","
338,692,F:,(...)
338,692,F:,和好
338,692,F:,了
338,692,F:,.
338,693,F:,(...)
338,693,F:,馬上
338,693,F:,跟
338,693,F:,阿姨
338,693,F:,推
338,693,F:,自費
338,693,F:,.
338,694,F:,(.)
338,694,F:,然後
338,694,F:,阿姨
338,694,F:,馬上
338,694,F:,就
338,694,F:,答應
338,694,F:,.
338,695,F:,(.)
338,695,F:,然後
338,695,F:,我們
338,695,F:,就
338,695,F:,說
338,695,F:,其實
338,695,F:,是
338,695,F:,阿姨
338,695,F:,喜歡
338,695,F:,他
338,695,F:,.
339,696,M:,(.)
339,696,M:,[對
339,696,M:,啊]
339,696,M:,?
340,697,F:,[然
340,697,F:,後]
340,697,F:,故意
340,697,F:,說
340,697,F:,他
340,697,F:,很
340,697,F:,壞
340,697,F:,","
340,698,F:,(.)
340,698,F:,然後
340,698,F:,讓
340,698,F:,我們
340,698,F:,就是
340,698,F:,","
340,699,F:,(.)
340,699,F:,想
340,699,F:,要
340,699,F:,想
340,699,F:,辦法
340,699,F:,讓
340,699,F:,","
340,700,F:,(.)
340,700,F:,就是
340,700,F:,(.)
340,700,F:,他
340,700,F:,跟
340,700,F:,阿姨
340,700,F:,和好
340,700,F:,這樣
340,700,F:,.
341,701,M:,(...)
341,701,M:,你們
341,701,M:,中
341,701,M:,了
341,701,M:,阿姨
341,701,M:,的
341,701,M:,計
341,701,M:,.
342,702,F:,(.)
342,702,F:,對
342,702,F:,啊
342,702,F:,.
342,703,F:,(...)
342,703,F:,害
342,703,F:,我們
342,703,F:,就是
342,703,F:,","
342,704,F:,(.)
342,704,F:,這麼
342,704,F:,擔心
342,704,F:,.
343,705,M:,(...)
343,705,M:,搞
343,705,M:,不
343,705,M:,—
343,706,M:,(.)
343,706,M:,搞
343,706,M:,不
343,706,M:,好
343,706,M:,哪天
343,706,M:,他
343,706,M:,就
343,706,M:,跟
343,706,M:,阿姨
343,706,M:,在
343,706,M:,一起
343,706,M:,了
343,706,M:,.
343,707,M:,(...)
343,707,M:,在
343,707,M:,一起
343,707,M:,囉
343,707,M:,?
344,708,F:,(...)
344,708,F:,怎麼
344,708,F:,可能
344,708,F:,呢
344,708,F:,","
344,709,F:,(.)
344,709,F:,阿姨
344,709,F:,已經
344,709,F:,六十
344,709,F:,了
344,709,F:,[2@@=]
344,709,F:,","
345,710,M:,[2@@=]
345,711,M:,(.)
345,711,M:,TSK
345,711,M:,","
345,712,M:,(.)
345,712,M:,是
345,712,M:,真愛
345,712,M:,啊
345,712,M:,","
346,713,F:,(.)
346,713,F:,對
346,713,F:,啊
346,713,F:,","
346,714,F:,(.)
346,714,F:,我
346,714,F:,知道
346,714,F:,啦
346,714,F:,","
346,715,F:,(...)
346,715,F:,沒有
346,715,F:,啦
346,715,F:,","
346,716,F:,(.)
346,716,F:,我
346,716,F:,那
346,716,F:,個
346,716,F:,同事
346,716,F:,每次
346,716,F:,都
346,716,F:,說
346,716,F:,","
346,717,F:,(.)
346,717,F:,就是
346,717,F:,","
346,718,F:,(...)
346,718,F:,他
346,718,F:,要
346,718,F:,去
346,718,F:,找
346,718,F:,越南
346,718,F:,新娘
346,718,F:,.
347,719,M:,(...)
347,719,M:,他
347,719,M:,真的
347,719,M:,很
347,719,M:,奇怪
347,719,M:,.
347,720,M:,(.)
347,720,M:,他
347,720,M:,<#
347,720,M:,上次
347,720,M:,#>
347,720,M:,","
347,721,M:,(.)
347,721,M:,TSK
347,721,M:,","
347,722,M:,(.)
347,722,M:,[不
347,722,M:,知道
347,722,M:,(.)
347,722,M:,上次]
347,722,M:,","
348,723,F:,[他
348,723,F:,是
348,723,F:,##]
348,723,F:,","
347,724,M:,(.)
347,724,M:,他
347,724,M:,上次
347,724,M:,<#
347,724,M:,講
347,724,M:,完
347,724,M:,#>
347,724,M:,(.)
347,724,M:,就
347,724,M:,超
347,724,M:,奇怪
347,724,M:,的
347,724,M:,.
350,725,F:,(...)
350,725,F:,他
350,725,F:,只是
350,725,F:,","
350,726,F:,(.)
350,726,F:,雞婆
350,726,F:,了
350,726,F:,點
350,726,F:,而已
350,726,F:,啊
350,726,F:,.
350,727,F:,(...)
350,727,F:,嗯
350,727,F:,.
350,728,F:,(.)
350,728,F:,可是
350,728,F:,他
350,728,F:,人
350,728,F:,其實
350,728,F:,還
350,728,F:,不
350,728,F:,錯
350,728,F:,啦
351,729,M:,(...)
351,729,M:,是
351,729,M:,是
351,729,M:,[2是]
351,729,M:,.
352,730,F:,[2只是]
352,730,F:,","
352,731,F:,(...)
352,731,F:,就是
352,731,F:,","
352,732,F:,(...)
352,732,F:,太
352,732,F:,多
352,732,F:,話
352,732,F:,了
352,732,F:,.
352,733,F:,(...)
352,733,F:,有點
352,733,F:,吵
352,733,F:,.
353,734,M:,(...)
353,734,M:,只有
353,734,M:,—
353,735,M:,(...)
353,735,M:,一點點
353,735,M:,太
353,735,M:,多
353,735,M:,話
353,735,M:,@@=
353,735,M:,.
354,736,F:,(.)
354,736,F:,就是
354,736,F:,","
354,737,F:,(.)
354,737,F:,TSK
354,738,F:,(.)
354,738,F:,你
354,738,F:,知道
354,738,F:,就
354,738,F:,好
354,738,F:,了
354,738,F:,.
354,739,F:,(...)
354,739,F:,甯
354,739,F:,你
354,739,F:,##
354,739,F:,明天
354,739,F:,要
354,739,F:,幹嘛
354,739,F:,.
354,740,M:,hm
354,740,M:,?
355,741,F:,(.)
355,741,F:,明天
355,741,F:,要
355,741,F:,幹嘛
355,741,F:,.
356,742,M:,(...)
356,742,M:,家教
356,742,M:,啊
356,742,M:,.
357,743,F:,(...)
357,743,F:,喔
357,743,F:,.
358,744,M:,(...)
358,744,M:,家教
358,744,M:,.
358,745,M:,(.)
358,745,M:,實驗室
358,745,M:,.
358,746,M:,(.)
358,746,M:,家教
358,746,M:,.
359,747,F:,(...)
359,747,F:,喔
359,747,F:,.
360,748,M:,(...)
360,748,M:,然後
360,748,M:,回家
360,748,M:,睡覺
360,748,M:,.
361,749,F:,(.)
361,749,F:,喔
361,749,F:,.
361,750,F:,(...)
361,750,F:,至少
361,750,F:,你
361,750,F:,可以
361,750,F:,回家
361,750,F:,睡覺
361,750,F:,.
362,751,M:,(...)
362,751,M:,eh
362,751,M:,你
362,751,M:,去
362,751,M:,—
362,752,F:,(...)
362,752,F:,綠[世界]
362,752,F:,","
364,753,M:,[看
364,753,M:,一下
364,753,M:,看
364,753,M:,一下]
364,753,M:,","
365,754,F:,(.)
365,754,F:,動物
365,754,F:,劇場
365,754,F:,.
365,755,F:,(...)
365,755,F:,北埔
365,755,F:,老街
365,755,F:,.
365,756,F:,(.)
365,756,F:,晚上
365,756,F:,還
365,756,F:,要
365,756,F:,跳舞
365,756,F:,.
366,757,M:,(.)
366,757,M:,度假
366,757,M:,飯店
366,757,M:,耶
366,757,M:,.
366,758,M:,(...)
366,758,M:,聽
366,758,M:,起來
366,758,M:,就
366,758,M:,很
366,758,M:,高級
366,758,M:,.
367,759,F:,(.)
367,759,F:,但
367,759,F:,你
367,759,F:,覺得
367,759,F:,大家
367,759,F:,會
367,759,F:,喝
367,759,F:,到
367,759,F:,幾點
367,759,F:,.
367,760,F:,(...)
367,760,F:,到底
367,760,F:,能
367,760,F:,睡
367,760,F:,幾
367,760,F:,個
367,760,F:,鐘頭
367,760,F:,呢
367,760,F:,你
367,760,F:,看
367,760,F:,看
367,760,F:,","
368,761,M:,(.)
368,761,M:,喝
368,761,M:,了
368,761,M:,你
368,761,M:,又
368,761,M:,不
368,761,M:,會
368,761,M:,起來
368,761,M:,.
368,762,M:,(.)
368,762,M:,你
368,762,M:,就
368,762,M:,可以
368,762,M:,一
368,762,M:,覺
368,762,M:,睡
368,762,M:,到
368,762,M:,十
368,762,M:,點
368,762,M:,啊
368,762,M:,","
368,763,M:,(.)
368,763,M:,退房
368,763,M:,.
368,764,M:,(...)
368,764,M:,你
368,764,M:,可以
368,764,M:,一
368,764,M:,覺
368,764,M:,睡
368,764,M:,到
368,764,M:,十
368,764,M:,點
368,764,M:,退房
368,764,M:,.
368,765,M:,(...)
368,765,M:,多
368,765,M:,好
368,765,M:,.
369,766,F:,(.)
369,766,F:,不
369,766,F:,可能
369,766,F:,.
370,767,M:,(...)
370,767,M:,啊
370,767,M:,他
370,767,M:,不
370,767,M:,是
370,767,M:,不
370,767,M:,會
370,767,M:,灌
370,767,M:,女生
370,767,M:,酒
370,767,M:,.
371,768,F:,(...)
371,768,F:,很
371,768,F:,難說
371,768,F:,啊
371,768,F:,.
371,769,F:,(...)
371,769,F:,只是
371,769,F:,平常
371,769,F:,常常
371,769,F:,不
371,769,F:,會
371,769,F:,灌
371,769,F:,女生
371,769,F:,酒
371,769,F:,.
371,770,F:,可是
371,770,F:,","
371,771,F:,這
371,771,F:,種
371,771,F:,場合
371,771,F:,","
371,772,F:,我
371,772,F:,就
371,772,F:,覺得
371,772,F:,很
371,772,F:,難
371,772,F:,説
371,772,F:,.
371,773,F:,(...)
371,773,F:,TSK
371,774,F:,(.)
371,774,F:,這種
371,774,F:,場合
371,774,F:,感覺
371,774,F:,會
371,774,F:,被
371,774,F:,—
371,775,F:,(.)
371,775,F:,一定
371,775,F:,會
371,775,F:,被
371,775,F:,灌
371,775,F:,.
372,776,M:,(.)
372,776,M:,<#
372,776,M:,你們
372,776,M:,這邊
372,776,M:,是
372,776,M:,#>
372,776,M:,—
373,777,F:,不過
373,777,F:,還好
373,777,F:,就是
373,777,F:,","
373,778,F:,(.)
373,778,F:,這種
373,778,F:,是
373,778,F:,喝
373,778,F:,紅酒
373,778,F:,.
374,779,M:,(...)
374,779,M:,喔
374,779,M:,?
374,780,M:,(.)
374,780,M:,[那
374,780,M:,就]
374,780,M:,","
375,781,F:,[熱炒]
375,781,F:,是
375,781,F:,[2啤酒]
375,781,F:,.
376,782,M:,[2被
376,782,M:,灌]
376,782,M:,就
376,782,M:,沒有
376,782,M:,差
376,782,M:,了
376,782,M:,吧
376,782,M:,.
377,783,F:,(...)
377,783,F:,對
377,783,F:,啊
377,783,F:,.
378,784,M:,(...)
378,784,M:,紅酒
378,784,M:,是
378,784,M:,能
378,784,M:,灌
378,784,M:,多少
378,784,M:,.
379,785,F:,(...)
379,785,F:,我
379,785,F:,也
379,785,F:,不
379,785,F:,知道
379,785,F:,耶
379,785,F:,.
380,786,M:,(...)
380,786,M:,紅酒
380,786,M:,喝
380,786,M:,兩
380,786,M:,罐
380,786,M:,都
380,786,M:,","
380,787,M:,(...)
380,787,M:,那
380,787,M:,個
380,787,M:,醫生
380,787,M:,怎麼
380,787,M:,那麼
380,787,M:,無聊
380,787,M:,啊
380,787,M:,.
381,788,F:,(...)
381,788,F:,不
381,788,F:,知道
381,788,F:,耶
381,788,F:,.
381,789,F:,(...)
381,789,F:,TSK
382,790,M:,(...)
382,790,M:,@=
382,791,M:,(...)
382,791,M:,唉
382,791,M:,.
382,792,M:,(...)
382,792,M:,我
382,792,M:,也
382,792,M:,好
382,792,M:,幾天
382,792,M:,沒
382,792,M:,睡覺
382,792,M:,了
382,792,M:,.
383,793,F:,(...)
383,793,F:,你
383,793,F:,喔
383,793,F:,.
384,794,M:,(.)
384,794,M:,對
384,794,M:,啊
384,794,M:,.
385,795,F:,(...)
385,795,F:,你
385,795,F:,在
385,795,F:,幹嘛
385,795,F:,啊
385,795,F:,.
386,796,M:,(...)
386,796,M:,昨天
386,796,M:,跟
386,796,M:,前天
386,796,M:,都
386,796,M:,在
386,796,M:,忙
386,796,M:,事情
386,796,M:,","
386,797,M:,(.)
386,797,M:,都
386,797,M:,在
386,797,M:,忙
386,797,M:,","
386,798,M:,(.)
386,798,M:,跑
386,798,M:,程式
386,798,M:,啊
386,798,M:,什麼
386,798,M:,的
386,798,M:,","
387,799,F:,(...)
387,799,F:,你
387,799,F:,真的
387,799,F:,是
387,799,F:,(.)
387,799,F:,怪咖
387,799,F:,耶
387,799,F:,.
388,800,M:,(...)
388,800,M:,就
388,800,M:,—
388,801,M:,(.)
388,801,M:,就
388,801,M:,沒
388,801,M:,時間
388,801,M:,睡覺
388,801,M:,咩
388,801,M:,.
389,802,F:,(...)
389,802,F:,那
389,802,F:,用
389,802,F:,—
389,803,F:,(.)
389,803,F:,跑
389,803,F:,程式
389,803,F:,的
389,803,F:,時候
389,803,F:,不會
389,803,F:,有
389,803,F:,","
389,804,F:,(.)
389,804,F:,就是
389,804,F:,","
389,805,F:,(...)
389,805,F:,空檔
389,805,F:,","
389,806,F:,(.)
389,806,F:,可以
389,806,F:,(.)
389,806,F:,就是
389,806,F:,(.)
389,806,F:,休息
389,806,F:,一下
389,806,F:,嗎
389,806,F:,?
390,807,M:,(.)
390,807,M:,就要
390,807,M:,—
390,808,M:,(.)
390,808,M:,唸
390,808,M:,—
390,809,M:,(.)
390,809,M:,唸
390,809,M:,書
390,809,M:,啊
390,809,M:,.
391,810,F:,(.)
391,810,F:,唸
391,810,F:,書
391,810,F:,","
391,811,F:,(...)
391,811,F:,媽
391,811,F:,啊
391,811,F:,.
392,812,M:,(...)
392,812,M:,差
392,812,M:,不多
392,812,M:,啦
392,812,M:,.
393,813,F:,[###
393,813,F:,你
393,813,F:,真的]
393,813,F:,","
392,814,M:,(.)
392,814,M:,[每
392,814,M:,個
392,814,M:,人
392,814,M:,都
392,814,M:,差不多]
392,814,M:,","
394,815,M:,(...)
394,815,M:,每
394,815,M:,個
394,815,M:,人
394,815,M:,都
394,815,M:,差
394,815,M:,不多
394,815,M:,","
394,816,M:,(...)
394,816,M:,唸
394,816,M:,博
394,816,M:,","
394,817,M:,(.)
394,817,M:,唸
394,817,M:,碩班
394,817,M:,都
394,817,M:,差
394,817,M:,不多
394,817,M:,啊
394,817,M:,","
395,818,F:,(...)
395,818,F:,真的
395,818,F:,喔
395,818,F:,","
396,819,M:,(...)
396,819,M:,對
396,819,M:,啊
396,819,M:,?
396,820,M:,(...)
396,820,M:,然後
396,820,M:,我
396,820,M:,現在
396,820,M:,每天
396,820,M:,都
396,820,M:,在
396,820,M:,跟
396,820,M:,我們
396,820,M:,班
396,820,M:,同學
396,820,M:,說
396,820,M:,(.)
396,820,M:,簽
396,820,M:,下去
396,820,M:,了
396,820,M:,.
396,821,M:,(...)
396,821,M:,[2因為
396,821,M:,我們
396,821,M:,老]
396,821,M:,","
397,822,F:,[2簽
397,822,F:,什麼]
397,822,F:,.
396,823,M:,(.)
396,823,M:,我們
396,823,M:,老師
396,823,M:,叫
396,823,M:,他
396,823,M:,念
396,823,M:,博班
396,823,M:,.
398,824,F:,(...)
398,824,F:,喔
398,824,F:,","
399,825,M:,(...)
399,825,M:,然後
399,825,M:,","
399,826,M:,(.)
399,826,M:,簽
399,826,M:,下去
399,826,M:,囉
399,826,M:,?
400,827,F:,(...)
400,827,F:,喔
400,827,F:,.
401,828,M:,(.)
401,828,M:,老闆
401,828,M:,愛
401,828,M:,將
401,828,M:,@=
401,828,M:,.
402,829,F:,(.)
402,829,F:,喔
402,829,F:,.
403,830,M:,(...)
403,830,M:,我
403,830,M:,本來
403,830,M:,想
403,830,M:,","
403,831,M:,(.)
403,831,M:,###
403,832,M:,(.)
403,832,M:,今天
403,832,M:,","
403,833,M:,(.)
403,833,M:,今天
403,833,M:,","
403,834,M:,(.)
403,834,M:,跟
403,834,M:,他
403,834,M:,談
403,834,M:,","
403,835,M:,(.)
403,835,M:,嗯
403,835,M:,","
403,836,M:,(.)
403,836,M:,新
403,836,M:,的
403,836,M:,<L3
403,836,M:,project
403,836,M:,L3>
403,836,M:,.
404,837,F:,(...)
404,837,F:,喔
404,837,F:,.
405,838,M:,(.)
405,838,M:,他
405,838,M:,說
405,838,M:,.
405,839,M:,(...)
405,839,M:,我
405,839,M:,覺得
405,839,M:,你
405,839,M:,應該
405,839,M:,可以
405,839,M:,做
405,839,M:,得
405,839,M:,到
405,839,M:,.
406,840,F:,(.)
406,840,F:,##
406,840,F:,.
406,841,F:,(.)
406,841,F:,[@=]
407,842,M:,[@=]
407,843,M:,(.)
407,843,M:,就是
407,843,M:,叫
407,843,M:,他
407,843,M:,唸
407,843,M:,博班
407,843,M:,的
407,843,M:,意[2思
407,843,M:,@@@=]
407,843,M:,.
408,844,F:,[2喔]
408,844,F:,?
409,845,M:,[因為]
409,845,M:,我們
409,845,M:,老闆
409,845,M:,現在
409,845,M:,缺
409,845,M:,<L3
409,845,M:,post
409,845,M:,L3>
409,845,M:,","
408,846,F:,(.)
408,846,F:,[喔]
408,846,F:,?
409,847,M:,(.)
409,847,M:,<L3
409,847,M:,post
409,847,M:,doc
409,847,M:,L3>
409,847,M:,.
410,848,F:,(.)
410,848,F:,[2喔]
410,848,F:,?
411,849,M:,[2啊]
411,849,M:,.
411,850,M:,(.)
411,850,M:,那
411,850,M:,個
411,850,M:,","
411,851,M:,(.)
411,851,M:,缺
411,851,M:,的
411,851,M:,那
411,851,M:,個
411,851,M:,人
411,851,M:,唸
411,851,M:,博班
411,851,M:,了
411,851,M:,.
412,852,F:,(.)
412,852,F:,就是
412,852,F:,跟
412,852,F:,我
412,852,F:,同學
412,852,F:,的
412,852,F:,那
412,852,F:,個
412,852,F:,一樣
412,852,F:,啊
412,852,F:,.
413,853,M:,(.)
413,853,M:,對
413,853,M:,啊
413,853,M:,?
413,854,M:,(.)
413,854,M:,是
413,854,M:,要
413,854,M:,念
413,854,M:,哪
413,854,M:,.
414,855,F:,(...)
414,855,F:,所以
414,855,F:,他
414,855,F:,就
414,855,F:,跟
414,855,F:,","
414,856,F:,(.)
414,856,F:,我
414,856,F:,同學
414,856,F:,說
414,856,F:,","
414,857,F:,(.)
414,857,F:,就是
414,857,F:,","
414,858,F:,那
414,858,F:,個
414,858,F:,(.)
414,858,F:,直接
414,858,F:,升
414,858,F:,博班
414,859,F:,(.)
414,859,F:,四
414,859,F:,年
414,859,F:,完成
414,859,F:,.
415,860,M:,(.)
415,860,M:,##
416,861,F:,(.)
416,861,F:,碩
416,861,F:,博士
416,861,F:,.
416,862,F:,(.)
416,862,F:,然後
416,862,F:,我
416,862,F:,同學
416,862,F:,想
416,862,F:,了
416,862,F:,很
416,862,F:,久
416,862,F:,.
416,863,F:,(.)
416,863,F:,說
416,863,F:,不行
416,863,F:,.
417,864,M:,(.)
417,864,M:,給
417,864,M:,我
417,864,M:,錢
417,864,M:,也
417,864,M:,不要
417,864,M:,唸
417,864,M:,.
418,865,F:,(...)
418,865,F:,這樣
418,865,F:,下去
418,865,F:,就是
418,865,F:,","
418,866,F:,(.)
418,866,F:,會
418,866,F:,很
418,866,F:,慘
418,866,F:,.
419,867,M:,(...)
419,867,M:,物治
419,867,M:,唸
419,867,M:,博班
419,867,M:,是
419,867,M:,要
419,867,M:,念
419,867,M:,什麼
419,867,M:,.
420,868,F:,(...)
420,868,F:,他
420,868,F:,是
420,868,F:,唸
420,868,F:,輔具
420,868,F:,研究所
420,868,F:,.
421,869,M:,(.)
421,869,M:,ha
421,869,M:,?
422,870,F:,(.)
422,870,F:,他
422,870,F:,是
422,870,F:,唸
422,870,F:,輔具
422,870,F:,研究所
422,870,F:,.
424,871,F:,[還
424,871,F:,有
424,871,F:,OT]
424,871,F:,.
423,872,M:,(.)
423,872,M:,就是
423,872,M:,[做
423,872,M:,那
423,872,M:,個]
423,872,M:,—
425,873,M:,(...)
425,873,M:,做
425,873,M:,那
425,873,M:,個
425,873,M:,喔
425,873,M:,.
426,874,F:,(.)
426,874,F:,沒有
426,874,F:,啊
426,874,F:,.
426,875,F:,(.)
426,875,F:,當然
426,875,F:,現在
426,875,F:,","
426,876,F:,(.)
426,876,F:,現在
426,876,F:,還有
426,876,F:,誰
426,876,F:,在
426,876,F:,做
426,876,F:,那
426,876,F:,個
426,876,F:,啊
426,876,F:,","
426,877,F:,(.)
426,877,F:,當然
426,877,F:,就是
426,877,F:,(.)
426,877,F:,電腦
426,877,F:,情境
426,877,F:,結合
426,877,F:,啊
426,877,F:,","
427,878,M:,(...)
427,878,M:,喔
427,878,M:,","
428,879,F:,(.)
428,879,F:,對
428,879,F:,啊
428,879,F:,.
429,880,M:,(...)
429,880,M:,啊
429,880,M:,那
429,880,M:,個
429,880,M:,讀
429,880,M:,博班
429,880,M:,幹嘛
429,880,M:,.
430,881,F:,(...)
430,881,F:,mhm
430,881,F:,(.)
430,881,F:,其實
430,881,F:,我
430,881,F:,也
430,881,F:,不
430,881,F:,知道
430,881,F:,耶
430,882,F:,(.)
430,882,F:,不過
430,882,F:,那
430,882,F:,個
430,882,F:,同學
430,882,F:,就是
430,882,F:,","
430,883,F:,(...)
430,883,F:,他
430,883,F:,就是
430,883,F:,","
430,884,F:,(.)
430,884,F:,還
430,884,F:,","
430,885,F:,(.)
430,885,F:,還會
430,885,F:,","
430,886,F:,(.)
430,886,F:,就
430,886,F:,還
430,886,F:,蠻
430,886,F:,會
430,886,F:,自己
430,886,F:,找
430,886,F:,兼差
430,886,F:,的
430,886,F:,.
430,887,F:,(...)
430,887,F:,對
430,887,F:,啊
430,887,F:,.
430,888,F:,(.)
430,888,F:,你
430,888,F:,看
430,888,F:,","
430,889,F:,(.)
430,889,F:,一
430,889,F:,個
430,889,F:,研究生
430,889,F:,","
430,890,F:,(...)
430,890,F:,然後
430,890,F:,他
430,890,F:,媽
430,890,F:,又
430,890,F:,沒有
430,890,F:,給
430,890,F:,他
430,890,F:,錢
430,890,F:,.
430,891,F:,(.)
430,891,F:,我
430,891,F:,都
430,891,F:,一直
430,891,F:,以為
430,891,F:,他
430,891,F:,媽
430,891,F:,有
430,891,F:,給
430,891,F:,他
430,891,F:,錢
430,891,F:,.
430,892,F:,(...)
430,892,F:,但
430,892,F:,其實
430,892,F:,都
430,892,F:,沒有
430,892,F:,.
430,893,F:,(.)
430,893,F:,但
430,893,F:,他
430,893,F:,可以
430,893,F:,","
430,894,F:,(...)
430,894,F:,就是
430,894,F:,—
430,895,F:,(.)
430,895,F:,三
430,895,F:,天
430,895,F:,吃
430,895,F:,掉
430,895,F:,七千
430,895,F:,塊
430,895,F:,.
430,896,F:,(.)
430,896,F:,就
430,896,F:,他
430,896,F:,都
430,896,F:,會
430,896,F:,去
430,896,F:,找
430,896,F:,一些
430,896,F:,兼職
430,896,F:,啊
430,896,F:,","
430,897,F:,(.)
430,897,F:,可能
430,897,F:,那種
430,897,F:,高級
430,897,F:,診所
430,897,F:,啊
430,897,F:,","
430,898,F:,(.)
430,898,F:,需要
430,898,F:,作
430,898,F:,什麼
430,898,F:,輔具
430,898,F:,啊
430,898,F:,.
430,899,F:,(...)
430,899,F:,然後
430,899,F:,就
430,899,F:,按
430,899,F:,件
430,899,F:,計酬
430,899,F:,.
430,900,F:,(.)
430,900,F:,一
430,900,F:,個
430,900,F:,可能
430,900,F:,就
430,900,F:,一
430,900,F:,萬
430,900,F:,塊
430,900,F:,這樣
430,900,F:,.
431,901,M:,(.)
431,901,M:,喔
431,901,M:,.
431,902,M:,(.)
431,902,M:,那
431,902,M:,個
431,902,M:,不是
431,902,M:,本來
431,902,M:,就
431,902,M:,滿
431,902,M:,貴
431,902,M:,的
431,902,M:,.
432,903,F:,(.)
432,903,F:,對
432,903,F:,啊
432,903,F:,.
432,904,F:,(...)
432,904,F:,就
432,904,F:,是
432,904,F:,—
432,905,F:,(.)
432,905,F:,不
432,905,F:,是
432,905,F:,—
432,906,F:,(.)
432,906,F:,賣
432,906,F:,給
432,906,F:,病人
432,906,F:,喔
432,906,F:,.
432,907,F:,(...)
432,907,F:,就是
432,907,F:,他
432,907,F:,作
432,907,F:,一
432,907,F:,個
432,907,F:,","
432,908,F:,(.)
432,908,F:,然後
432,908,F:,那
432,908,F:,個
432,908,F:,診所
432,908,F:,就
432,908,F:,給
432,908,F:,他
432,908,F:,一
432,908,F:,萬
432,908,F:,塊
432,908,F:,.
433,909,M:,(...)
433,909,M:,不
433,909,M:,賣
433,909,M:,給
433,909,M:,病人
433,909,M:,喔
433,909,M:,.
434,910,F:,(...)
434,910,F:,沒有
434,910,F:,.
434,911,F:,(.)
434,911,F:,是
434,911,F:,診所
434,911,F:,賣
434,911,F:,給
434,911,F:,病人
434,911,F:,.
436,912,F:,[診所
436,912,F:,跟]
436,912,F:,病人
436,912,F:,交易
436,912,F:,.
435,913,M:,(...)
435,913,M:,[喔]
435,913,M:,.
436,914,F:,(.)
436,914,F:,只是
436,914,F:,","
436,915,F:,(.)
436,915,F:,他
436,915,F:,負責
436,915,F:,去
436,915,F:,做
436,915,F:,.
436,916,F:,(.)
436,916,F:,這樣
436,916,F:,.
437,917,M:,(...)
437,917,M:,那種
437,917,M:,都
437,917,M:,滿
437,917,M:,貴
437,917,M:,的
437,917,M:,啊
437,917,M:,.
438,918,F:,(.)
438,918,F:,嗯
438,918,F:,.
439,919,M:,(.)
439,919,M:,同學
439,919,M:,做
439,919,M:,個
439,919,M:,膝蓋
439,919,M:,那
439,919,M:,個
439,919,M:,不是
439,919,M:,就
439,919,M:,—
439,920,M:,(...)
439,920,M:,兩
439,920,M:,三
439,920,M:,萬
439,920,M:,.
440,921,F:,(...)
440,921,F:,我
440,921,F:,不
440,921,F:,知道
440,921,F:,.
441,922,M:,(.)
441,922,M:,就
441,922,M:,一個
441,922,M:,膝蓋
441,922,M:,的
441,922,M:,那
441,922,M:,個
441,922,M:,","
441,923,M:,(...)
441,923,M:,裝
441,923,M:,這裡
441,923,M:,的
441,923,M:,.
441,924,M:,(...)
441,924,M:,然後
441,924,M:,那
441,924,M:,個
441,924,M:,shi-
441,924,M:,—
441,925,M:,(.)
441,925,M:,什[2麼]
441,925,M:,—
442,926,F:,[2喔]
443,927,M:,(.)
443,927,M:,前
443,927,M:,十字
443,927,M:,韌帶
443,927,M:,斷掉
443,927,M:,.
444,928,F:,(.)
444,928,F:,就
444,928,F:,骨
444,928,F:,","
444,929,F:,(.)
444,929,F:,嗯
444,929,F:,","
444,930,F:,(...)
444,930,F:,就是
444,930,F:,一
444,930,F:,個
444,930,F:,很
444,930,F:,長
444,930,F:,很
444,930,F:,長
444,930,F:,的
444,930,F:,那
444,930,F:,[個]
444,930,F:,.
445,931,M:,[對]
445,931,M:,對
445,931,M:,對
445,931,M:,對
445,931,M:,對
445,931,M:,.
455,932,M:,(...)
455,932,M:,那種
455,932,M:,就
455,932,M:,兩
455,932,M:,三
455,932,M:,萬
455,932,M:,吧
455,932,M:,.
446,933,F:,(.)
446,933,F:,真的
446,933,F:,喔
446,933,F:,.
447,934,M:,(.)
447,934,M:,對
447,934,M:,啊
447,934,M:,.
447,935,M:,(.)
447,935,M:,而且
447,935,M:,—
447,936,M:,(.)
447,936,M:,我們
447,936,M:,班
447,936,M:,","
447,937,M:,有
447,937,M:,一
447,937,M:,個
447,937,M:,人
447,937,M:,","
447,938,M:,(.)
447,938,M:,斷掉
447,938,M:,以後
447,938,M:,","
447,939,M:,(.)
447,939,M:,他
447,939,M:,就
447,939,M:,買
447,939,M:,一
447,939,M:,個
447,939,M:,.
448,940,F:,(...)
448,940,F:,嗯
448,940,F:,.
449,941,M:,(.)
449,941,M:,##
449,941,M:,他
449,941,M:,好
449,941,M:,了
449,941,M:,結果
449,941,M:,我們
449,941,M:,班
449,941,M:,另外
449,941,M:,一
449,941,M:,個
449,941,M:,人
449,941,M:,斷
449,941,M:,","
449,942,M:,(.)
449,942,M:,他
449,942,M:,就
449,942,M:,把
449,942,M:,他
449,942,M:,送
449,942,M:,他
449,942,M:,[2@@@=]
449,942,M:,.
450,943,F:,[2送
450,943,F:,他
450,943,F:,@@@=]
450,943,F:,.
450,944,F:,(.)
450,944,F:,哇
450,944,F:,第二
450,944,F:,個
450,944,F:,人
450,944,F:,就是
450,944,F:,(.)
450,944,F:,還
450,944,F:,不
450,944,F:,錯
450,944,F:,.
450,945,F:,(.)
450,945,F:,可是
450,945,F:,為什麼
450,945,F:,會
450,945,F:,斷掉
450,945,F:,.
451,946,M:,(...)
451,946,M:,就
451,946,M:,打
451,946,M:,羽毛球
451,946,M:,啊
451,946,M:,.
451,947,M:,(.)
451,947,M:,而且
451,947,M:,兩個
451,947,M:,都
451,947,M:,是
451,947,M:,打
451,947,M:,羽毛球
451,947,M:,.
452,948,F:,(.)
452,948,F:,是
452,948,F:,喔
452,948,F:,.
453,949,M:,(.)
453,949,M:,對
453,949,M:,啊
453,949,M:,?
453,950,M:,(...)
453,950,M:,超
453,950,M:,—
453,951,M:,(.)
453,951,M:,超
453,951,M:,恐怖
453,951,M:,的
453,951,M:,.
454,952,F:,(.)
454,952,F:,喔
454,952,F:,.
456,953,F:,[哇塞]
456,953,F:,.
455,954,M:,(...)
455,954,M:,而且
455,954,M:,[我們]
457,955,M:,(.)
457,955,M:,看
457,955,M:,","
457,956,M:,(.)
457,956,M:,大學
457,956,M:,四
457,956,M:,年
457,956,M:,.
457,957,M:,(...)
457,957,M:,我們
457,957,M:,班
457,957,M:,就
457,957,M:,兩
457,957,M:,個
457,957,M:,.
458,958,F:,(...)
458,958,F:,哇
458,958,F:,.
459,959,M:,(.)
459,959,M:,還有
459,959,M:,學長
459,959,M:,一
459,959,M:,個
459,959,M:,.
459,960,M:,(.)
459,960,M:,學弟
459,960,M:,一
459,960,M:,個
459,960,M:,.
460,961,F:,(...)
460,961,F:,哇
460,961,F:,.
461,962,M:,(...)
461,962,M:,超
461,962,M:,誇張
461,962,M:,的
461,962,M:,.
462,963,F:,(...)
462,963,F:,哇
462,963,F:,.
462,964,F:,(.)
462,964,F:,真的
462,964,F:,很
462,964,F:,誇張
462,964,F:,.
463,965,M:,(...)
463,965,M:,打
463,965,M:,羽毛球
463,965,M:,不
463,965,M:,知道
463,965,M:,在
463,965,M:,","
463,966,M:,(.)
463,966,M:,在
463,966,M:,打
463,966,M:,什麼
463,966,M:,.
463,967,M:,(...)
463,967,M:,TSK
463,967,M:,?
463,968,M:,(...)
463,968,M:,那
463,968,M:,個
463,968,M:,","
463,969,M:,(.)
463,969,M:,##
463,969,M:,什麼
463,969,M:,救球
463,969,M:,這樣
463,969,M:,","
463,970,M:,(.)
463,970,M:,救
463,970,M:,下去
463,970,M:,.
464,971,F:,(.)
464,971,F:,第二
464,971,F:,個
464,971,F:,比較
464,971,F:,好
464,971,F:,啊
464,971,F:,.
465,972,M:,(...)
465,972,M:,@@
465,972,M:,好
465,972,M:,在
465,972,M:,哪
465,972,M:,","
465,973,M:,(.)
465,973,M:,[2@]
466,974,F:,[2就]
466,974,F:,是
466,974,F:,","
466,975,F:,(...)
466,975,F:,有
466,975,F:,","
